antecedents,consequent,support,confidence,zhangs_metric,rule_coverage
"['pressure_Node_21__(54.53, 58.172]']",leak_label__1.0,0.165,0.979,0.662,0.168
"['pressure_Node_20__(57.144, 60.182]']",leak_label__1.0,0.17,0.991,0.671,0.171
"['pressure_Node_23__(54.161, 57.92]']",leak_label__1.0,0.173,0.999,0.677,0.173
"['pressure_Node_27__(48.927, 53.924]']",leak_label__1.0,0.171,0.995,0.674,0.172
"['pressure_Node_27__(53.924, 58.92]']",leak_label__1.0,0.095,0.682,0.412,0.139
"['pressure_Node_26__(48.779, 53.813]']",leak_label__1.0,0.173,0.996,0.676,0.174
"['pressure_Node_30__(45.594, 51.42]']",leak_label__1.0,0.173,1.0,0.677,0.173
"['pressure_Node_30__(51.42, 57.245]']",leak_label__1.0,0.089,0.824,0.523,0.108
"['pressure_Node_31__(46.621, 52.19]']",leak_label__1.0,0.176,1.0,0.68,0.176
"['pressure_Node_19__(66.08, 67.81]']",leak_label__1.0,0.085,0.251,-0.533,0.34
"['pressure_Node_2__(69.502, 69.618]']",leak_label__1.0,0.153,0.944,0.638,0.163
"['pressure_Node_2__(69.618, 69.734]']",leak_label__1.0,0.114,0.527,0.211,0.216
"['pressure_Node_2__(69.734, 69.851]']",leak_label__1.0,0.093,0.26,-0.52,0.36
"['pressure_Node_14__(57.637, 61.411]']",leak_label__1.0,0.126,0.522,0.207,0.242
"['pressure_Node_28__(17.09, 25.792]']",leak_label__1.0,0.295,1.0,0.795,0.295
"['pressure_Node_29__(17.549, 26.166]']",leak_label__1.0,0.261,1.0,0.758,0.261
"['pressure_Node_29__(26.166, 34.733]']",leak_label__1.0,0.164,1.0,0.67,0.164
"['pressure_Node_15__(53.593, 57.434]']",leak_label__1.0,0.14,0.931,0.621,0.151
"['pressure_Node_3__(64.226, 65.578]']",leak_label__1.0,0.155,0.948,0.641,0.164
"['pressure_Node_4__(63.722, 65.623]']",leak_label__1.0,0.123,0.489,0.135,0.251
"['pressure_Node_13__(64.26, 69.068]']",leak_label__1.0,0.115,0.289,-0.463,0.398
"['pressure_Node_10__(55.06, 58.584]']",leak_label__1.0,0.041,0.981,0.576,0.042
"['pressure_Node_6__(58.442, 61.144]']",leak_label__1.0,0.086,0.931,0.582,0.093
"['pressure_Node_21__(54.53, 58.172]', 'pressure_Node_20__(57.144, 60.182]']",leak_label__1.0,0.14,0.989,0.647,0.141
"['pressure_Node_21__(54.53, 58.172]', 'pressure_Node_20__(60.182, 63.22]']",leak_label__1.0,0.0,0.0,-1.0,0.002
"['pressure_Node_21__(58.172, 61.815]', 'pressure_Node_20__(57.144, 60.182]']",leak_label__1.0,0.03,1.0,0.578,0.03
"['pressure_Node_21__(54.53, 58.172]', 'pressure_Node_22__(53.401, 57.305]']",leak_label__1.0,0.151,0.977,0.651,0.154
"['pressure_Node_21__(54.53, 58.172]', 'pressure_Node_23__(54.161, 57.92]']",leak_label__1.0,0.124,0.998,0.639,0.124
"['pressure_Node_21__(58.172, 61.815]', 'pressure_Node_23__(54.161, 57.92]']",leak_label__1.0,0.049,1.0,0.589,0.049
"['pressure_Node_21__(54.53, 58.172]', 'pressure_Node_27__(48.927, 53.924]']",leak_label__1.0,0.151,0.994,0.658,0.152
"['pressure_Node_21__(58.172, 61.815]', 'pressure_Node_27__(53.924, 58.92]']",leak_label__1.0,0.084,0.668,0.391,0.126
"['pressure_Node_21__(54.53, 58.172]', 'pressure_Node_32__(53.082, 58.355]']",leak_label__1.0,0.0,0.063,-0.856,0.004
"['pressure_Node_21__(54.53, 58.172]', 'pressure_Node_26__(48.779, 53.813]']",leak_label__1.0,0.147,0.995,0.654,0.147
"['pressure_Node_21__(58.172, 61.815]', 'pressure_Node_26__(48.779, 53.813]']",leak_label__1.0,0.026,1.0,0.576,0.026
"['pressure_Node_21__(58.172, 61.815]', 'pressure_Node_18__(65.179, 67.311]']",leak_label__1.0,0.024,1.0,0.574,0.024
"['pressure_Node_21__(54.53, 58.172]', 'pressure_Node_30__(45.594, 51.42]']",leak_label__1.0,0.11,1.0,0.63,0.11
"['pressure_Node_21__(54.53, 58.172]', 'pressure_Node_30__(51.42, 57.245]']",leak_label__1.0,0.0,0.062,-0.86,0.004
"['pressure_Node_21__(58.172, 61.815]', 'pressure_Node_30__(45.594, 51.42]']",leak_label__1.0,0.062,1.0,0.598,0.062
"['pressure_Node_21__(58.172, 61.815]', 'pressure_Node_30__(51.42, 57.245]']",leak_label__1.0,0.038,0.708,0.4,0.053
"['pressure_Node_21__(54.53, 58.172]', 'pressure_Node_24__(55.496, 60.005]']",leak_label__1.0,0.0,0.069,-0.844,0.003
"['pressure_Node_21__(54.53, 58.172]', 'pressure_Node_25__(53.888, 58.9]']",leak_label__1.0,0.0,0.053,-0.881,0.003
"['pressure_Node_21__(54.53, 58.172]', 'pressure_Node_31__(46.621, 52.19]']",leak_label__1.0,0.127,1.0,0.642,0.127
"['pressure_Node_21__(54.53, 58.172]', 'pressure_Node_31__(52.19, 57.759]']",leak_label__1.0,0.0,0.062,-0.86,0.004
"['pressure_Node_21__(58.172, 61.815]', 'pressure_Node_31__(46.621, 52.19]']",leak_label__1.0,0.049,1.0,0.589,0.049
"['pressure_Node_21__(61.815, 65.457]', 'pressure_Node_19__(66.08, 67.81]']",leak_label__1.0,0.063,0.212,-0.606,0.299
"['pressure_Node_21__(54.53, 58.172]', 'pressure_Node_2__(69.502, 69.618]']",leak_label__1.0,0.14,0.976,0.641,0.143
"['pressure_Node_21__(54.53, 58.172]', 'pressure_Node_2__(69.618, 69.734]']",leak_label__1.0,0.025,1.0,0.574,0.025
"['pressure_Node_21__(58.172, 61.815]', 'pressure_Node_2__(69.502, 69.618]']",leak_label__1.0,0.006,0.508,0.135,0.011
"['pressure_Node_21__(58.172, 61.815]', 'pressure_Node_2__(69.618, 69.734]']",leak_label__1.0,0.085,0.593,0.302,0.143
"['pressure_Node_21__(61.815, 65.457]', 'pressure_Node_2__(69.618, 69.734]']",leak_label__1.0,0.004,0.092,-0.799,0.048
"['pressure_Node_21__(61.815, 65.457]', 'pressure_Node_2__(69.734, 69.851]']",leak_label__1.0,0.077,0.234,-0.566,0.327
"['pressure_Node_21__(54.53, 58.172]', 'pressure_Node_14__(57.637, 61.411]']",leak_label__1.0,0.051,1.0,0.591,0.051
"['pressure_Node_21__(58.172, 61.815]', 'pressure_Node_14__(57.637, 61.411]']",leak_label__1.0,0.071,0.562,0.249,0.127
"['pressure_Node_21__(61.815, 65.457]', 'pressure_Node_14__(57.637, 61.411]']",leak_label__1.0,0.0,0.007,-0.986,0.06
"['pressure_Node_21__(54.53, 58.172]', 'pressure_Node_28__(17.09, 25.792]']",leak_label__1.0,0.165,1.0,0.671,0.165
"['pressure_Node_21__(58.172, 61.815]', 'pressure_Node_28__(17.09, 25.792]']",leak_label__1.0,0.075,1.0,0.606,0.075
"['pressure_Node_21__(54.53, 58.172]', 'pressure_Node_29__(17.549, 26.166]']",leak_label__1.0,0.165,1.0,0.671,0.165
"['pressure_Node_21__(54.53, 58.172]', 'pressure_Node_29__(26.166, 34.733]']",leak_label__1.0,0.0,0.0,0.0,0.0
"['pressure_Node_21__(58.172, 61.815]', 'pressure_Node_29__(17.549, 26.166]']",leak_label__1.0,0.041,1.0,0.584,0.041
"['pressure_Node_21__(58.172, 61.815]', 'pressure_Node_29__(26.166, 34.733]']",leak_label__1.0,0.058,1.0,0.595,0.058
"['pressure_Node_21__(61.815, 65.457]', 'pressure_Node_29__(26.166, 34.733]']",leak_label__1.0,0.105,1.0,0.626,0.105
"['pressure_Node_21__(54.53, 58.172]', 'pressure_Node_15__(53.593, 57.434]']",leak_label__1.0,0.119,0.971,0.624,0.122
"['pressure_Node_21__(58.172, 61.815]', 'pressure_Node_15__(53.593, 57.434]']",leak_label__1.0,0.003,0.303,-0.313,0.01
"['pressure_Node_21__(54.53, 58.172]', 'pressure_Node_3__(64.226, 65.578]']",leak_label__1.0,0.143,0.976,0.644,0.146
"['pressure_Node_21__(58.172, 61.815]', 'pressure_Node_3__(64.226, 65.578]']",leak_label__1.0,0.006,0.54,0.187,0.011
"['pressure_Node_21__(58.172, 61.815]', 'pressure_Node_3__(65.578, 66.929]']",leak_label__1.0,0.086,0.593,0.301,0.145
"['pressure_Node_21__(54.53, 58.172]', 'pressure_Node_1__(-0.000333, 0.0]']",leak_label__1.0,0.165,0.979,0.662,0.168
"['pressure_Node_21__(54.53, 58.172]', 'pressure_Node_17__(62.581, 65.856]']",leak_label__1.0,0.0,0.0,0.0,0.0
"['pressure_Node_21__(54.53, 58.172]', 'pressure_Node_16__(57.444, 61.289]']",leak_label__1.0,0.043,1.0,0.585,0.043
"['pressure_Node_21__(54.53, 58.172]', 'pressure_Node_4__(63.722, 65.623]']",leak_label__1.0,0.044,1.0,0.586,0.044
"['pressure_Node_21__(58.172, 61.815]', 'pressure_Node_4__(63.722, 65.623]']",leak_label__1.0,0.075,0.589,0.29,0.127
"['pressure_Node_21__(54.53, 58.172]', 'pressure_Node_13__(64.26, 69.068]']",leak_label__1.0,0.0,0.0,0.0,0.0
"['pressure_Node_21__(58.172, 61.815]', 'pressure_Node_13__(64.26, 69.068]']",leak_label__1.0,0.009,1.0,0.566,0.009
"['pressure_Node_21__(54.53, 58.172]', 'pressure_Node_5__(62.439, 64.738]']",leak_label__1.0,0.087,1.0,0.614,0.087
"['pressure_Node_21__(54.53, 58.172]', 'pressure_Node_7__(60.85, 63.645]']",leak_label__1.0,0.127,1.0,0.642,0.127
"['pressure_Node_21__(61.815, 65.457]', 'pressure_Node_10__(55.06, 58.584]']",leak_label__1.0,0.002,1.0,0.561,0.002
"['pressure_Node_21__(54.53, 58.172]', 'pressure_Node_6__(58.442, 61.144]']",leak_label__1.0,0.045,0.928,0.553,0.048
"['pressure_Node_21__(54.53, 58.172]', 'pressure_Node_6__(61.144, 63.847]']",leak_label__1.0,0.12,1.0,0.637,0.12
"['pressure_Node_20__(57.144, 60.182]', 'pressure_Node_8__(59.84, 62.958]']",leak_label__1.0,0.161,1.0,0.668,0.161
"['pressure_Node_20__(57.144, 60.182]', 'pressure_Node_22__(53.401, 57.305]']",leak_label__1.0,0.126,0.987,0.636,0.128
"['pressure_Node_20__(57.144, 60.182]', 'pressure_Node_22__(57.305, 61.209]']",leak_label__1.0,0.044,1.0,0.586,0.044
"['pressure_Node_20__(57.144, 60.182]', 'pressure_Node_22__(61.209, 65.112]']",leak_label__1.0,0.0,0.0,0.0,0.0
"['pressure_Node_20__(60.182, 63.22]', 'pressure_Node_22__(57.305, 61.209]']",leak_label__1.0,0.069,0.59,0.288,0.117
"['pressure_Node_20__(57.144, 60.182]', 'pressure_Node_23__(54.161, 57.92]']",leak_label__1.0,0.154,0.999,0.662,0.154
"['pressure_Node_20__(57.144, 60.182]', 'pressure_Node_23__(57.92, 61.679]']",leak_label__1.0,0.0,0.2,-0.546,0.002
"['pressure_Node_20__(60.182, 63.22]', 'pressure_Node_23__(54.161, 57.92]']",leak_label__1.0,0.019,1.0,0.571,0.019
"['pressure_Node_20__(57.144, 60.182]', 'pressure_Node_9__(55.478, 58.899]']",leak_label__1.0,0.0,0.0,-1.0,0.001
"['pressure_Node_20__(57.144, 60.182]', 'pressure_Node_27__(48.927, 53.924]']",leak_label__1.0,0.16,0.994,0.664,0.161
"['pressure_Node_20__(60.182, 63.22]', 'pressure_Node_27__(53.924, 58.92]']",leak_label__1.0,0.085,0.66,0.383,0.128
"['pressure_Node_20__(57.144, 60.182]', 'pressure_Node_32__(53.082, 58.355]']",leak_label__1.0,0.001,0.257,-0.416,0.002
"['pressure_Node_20__(60.182, 63.22]', 'pressure_Node_32__(53.082, 58.355]']",leak_label__1.0,0.083,0.706,0.428,0.117
"['pressure_Node_20__(57.144, 60.182]', 'pressure_Node_26__(48.779, 53.813]']",leak_label__1.0,0.166,0.996,0.67,0.166
"['pressure_Node_20__(57.144, 60.182]', 'pressure_Node_18__(65.179, 67.311]']",leak_label__1.0,0.0,0.0,0.0,0.0
"['pressure_Node_20__(60.182, 63.22]', 'pressure_Node_18__(65.179, 67.311]']",leak_label__1.0,0.04,1.0,0.584,0.04
"['pressure_Node_20__(57.144, 60.182]', 'pressure_Node_30__(45.594, 51.42]']",leak_label__1.0,0.14,1.0,0.652,0.14
"['pressure_Node_20__(57.144, 60.182]', 'pressure_Node_30__(51.42, 57.245]']",leak_label__1.0,0.0,0.176,-0.599,0.002
"['pressure_Node_20__(60.182, 63.22]', 'pressure_Node_30__(51.42, 57.245]']",leak_label__1.0,0.053,0.754,0.448,0.071
"['pressure_Node_20__(57.144, 60.182]', 'pressure_Node_31__(46.621, 52.19]']",leak_label__1.0,0.157,1.0,0.664,0.157
"['pressure_Node_20__(57.144, 60.182]', 'pressure_Node_31__(52.19, 57.759]']",leak_label__1.0,0.0,0.176,-0.599,0.002
"['pressure_Node_20__(60.182, 63.22]', 'pressure_Node_31__(46.621, 52.19]']",leak_label__1.0,0.019,1.0,0.571,0.019
"['pressure_Node_20__(57.144, 60.182]', 'pressure_Node_19__(64.35, 66.08]']",leak_label__1.0,0.065,1.0,0.599,0.065
"['pressure_Node_20__(57.144, 60.182]', 'pressure_Node_2__(69.502, 69.618]']",leak_label__1.0,0.115,0.986,0.627,0.117
"['pressure_Node_20__(57.144, 60.182]', 'pressure_Node_2__(69.618, 69.734]']",leak_label__1.0,0.054,1.0,0.593,0.054
"['pressure_Node_20__(60.182, 63.22]', 'pressure_Node_2__(69.502, 69.618]']",leak_label__1.0,0.006,0.463,0.051,0.014
"['pressure_Node_20__(60.182, 63.22]', 'pressure_Node_2__(69.618, 69.734]']",leak_label__1.0,0.055,0.565,0.245,0.098
"['pressure_Node_20__(57.144, 60.182]', 'pressure_Node_14__(53.863, 57.637]']",leak_label__1.0,0.088,0.982,0.607,0.09
"['pressure_Node_20__(57.144, 60.182]', 'pressure_Node_14__(57.637, 61.411]']",leak_label__1.0,0.081,1.0,0.61,0.081
"['pressure_Node_20__(60.182, 63.22]', 'pressure_Node_14__(57.637, 61.411]']",leak_label__1.0,0.041,0.509,0.149,0.081
"['pressure_Node_20__(57.144, 60.182]', 'pressure_Node_28__(17.09, 25.792]']",leak_label__1.0,0.17,1.0,0.675,0.17
"['pressure_Node_20__(60.182, 63.22]', 'pressure_Node_28__(17.09, 25.792]']",leak_label__1.0,0.045,1.0,0.587,0.045
"['pressure_Node_20__(57.144, 60.182]', 'pressure_Node_29__(17.549, 26.166]']",leak_label__1.0,0.169,1.0,0.675,0.169
"['pressure_Node_20__(60.182, 63.22]', 'pressure_Node_29__(17.549, 26.166]']",leak_label__1.0,0.011,1.0,0.567,0.011
"['pressure_Node_20__(60.182, 63.22]', 'pressure_Node_29__(26.166, 34.733]']",leak_label__1.0,0.073,1.0,0.605,0.073
"['pressure_Node_20__(57.144, 60.182]', 'pressure_Node_15__(53.593, 57.434]']",leak_label__1.0,0.094,0.983,0.611,0.095
"['pressure_Node_20__(57.144, 60.182]', 'pressure_Node_15__(57.434, 61.274]']",leak_label__1.0,0.076,1.0,0.606,0.076
"['pressure_Node_20__(60.182, 63.22]', 'pressure_Node_15__(53.593, 57.434]']",leak_label__1.0,0.004,0.302,-0.316,0.013
"['pressure_Node_20__(57.144, 60.182]', 'pressure_Node_3__(64.226, 65.578]']",leak_label__1.0,0.118,0.987,0.63,0.12
"['pressure_Node_20__(57.144, 60.182]', 'pressure_Node_3__(65.578, 66.929]']",leak_label__1.0,0.051,1.0,0.591,0.051
"['pressure_Node_20__(60.182, 63.22]', 'pressure_Node_3__(64.226, 65.578]']",leak_label__1.0,0.007,0.492,0.107,0.013
"['pressure_Node_20__(60.182, 63.22]', 'pressure_Node_3__(65.578, 66.929]']",leak_label__1.0,0.056,0.564,0.244,0.099
"['pressure_Node_20__(57.144, 60.182]', 'pressure_Node_1__(-0.000333, 0.0]']",leak_label__1.0,0.17,0.991,0.671,0.171
"['pressure_Node_20__(57.144, 60.182]', 'pressure_Node_17__(59.305, 62.581]']",leak_label__1.0,0.08,1.0,0.609,0.08
"['pressure_Node_20__(57.144, 60.182]', 'pressure_Node_17__(62.581, 65.856]']",leak_label__1.0,0.0,0.0,0.0,0.0
"['pressure_Node_20__(57.144, 60.182]', 'pressure_Node_16__(57.444, 61.289]']",leak_label__1.0,0.072,1.0,0.604,0.072
"['pressure_Node_20__(57.144, 60.182]', 'pressure_Node_4__(61.821, 63.722]']",leak_label__1.0,0.096,0.984,0.612,0.097
"['pressure_Node_20__(57.144, 60.182]', 'pressure_Node_4__(63.722, 65.623]']",leak_label__1.0,0.074,1.0,0.605,0.074
"['pressure_Node_20__(60.182, 63.22]', 'pressure_Node_4__(63.722, 65.623]']",leak_label__1.0,0.045,0.552,0.221,0.082
"['pressure_Node_20__(57.144, 60.182]', 'pressure_Node_13__(54.644, 59.452]']",leak_label__1.0,0.039,0.96,0.565,0.04
"['pressure_Node_20__(57.144, 60.182]', 'pressure_Node_13__(64.26, 69.068]']",leak_label__1.0,0.0,0.0,0.0,0.0
"['pressure_Node_20__(60.182, 63.22]', 'pressure_Node_13__(64.26, 69.068]']",leak_label__1.0,0.025,1.0,0.575,0.025
"['pressure_Node_20__(57.144, 60.182]', 'pressure_Node_5__(62.439, 64.738]']",leak_label__1.0,0.117,1.0,0.634,0.117
"['pressure_Node_20__(60.182, 63.22]', 'pressure_Node_5__(62.439, 64.738]']",leak_label__1.0,0.03,0.419,-0.05,0.072
"['pressure_Node_20__(57.144, 60.182]', 'pressure_Node_7__(60.85, 63.645]']",leak_label__1.0,0.156,1.0,0.664,0.156
"['pressure_Node_20__(57.144, 60.182]', 'pressure_Node_10__(55.06, 58.584]']",leak_label__1.0,0.0,0.0,-1.0,0.001
"['pressure_Node_20__(57.144, 60.182]', 'pressure_Node_6__(58.442, 61.144]']",leak_label__1.0,0.02,0.925,0.536,0.021
"['pressure_Node_20__(57.144, 60.182]', 'pressure_Node_6__(61.144, 63.847]']",leak_label__1.0,0.15,1.0,0.659,0.15
"['pressure_Node_20__(60.182, 63.22]', 'pressure_Node_6__(55.74, 58.442]']",leak_label__1.0,0.005,1.0,0.563,0.005
"['pressure_Node_20__(60.182, 63.22]', 'pressure_Node_6__(58.442, 61.144]']",leak_label__1.0,0.0,0.0,-1.0,0.005
"['pressure_Node_8__(59.84, 62.958]', 'pressure_Node_23__(54.161, 57.92]']",leak_label__1.0,0.146,1.0,0.656,0.146
"['pressure_Node_8__(62.958, 66.077]', 'pressure_Node_23__(54.161, 57.92]']",leak_label__1.0,0.027,1.0,0.576,0.027
"['pressure_Node_8__(59.84, 62.958]', 'pressure_Node_27__(48.927, 53.924]']",leak_label__1.0,0.166,1.0,0.671,0.166
"['pressure_Node_8__(59.84, 62.958]', 'pressure_Node_26__(48.779, 53.813]']",leak_label__1.0,0.165,1.0,0.671,0.165
"['pressure_Node_8__(59.84, 62.958]', 'pressure_Node_30__(45.594, 51.42]']",leak_label__1.0,0.133,1.0,0.646,0.133
"['pressure_Node_8__(59.84, 62.958]', 'pressure_Node_30__(51.42, 57.245]']",leak_label__1.0,0.0,0.0,-1.0,0.016
"['pressure_Node_8__(62.958, 66.077]', 'pressure_Node_30__(45.594, 51.42]']",leak_label__1.0,0.04,1.0,0.584,0.04
"['pressure_Node_8__(59.84, 62.958]', 'pressure_Node_31__(46.621, 52.19]']",leak_label__1.0,0.149,1.0,0.659,0.149
"['pressure_Node_8__(62.958, 66.077]', 'pressure_Node_31__(46.621, 52.19]']",leak_label__1.0,0.027,1.0,0.576,0.027
"['pressure_Node_8__(59.84, 62.958]', 'pressure_Node_28__(17.09, 25.792]']",leak_label__1.0,0.175,1.0,0.679,0.175
"['pressure_Node_8__(62.958, 66.077]', 'pressure_Node_28__(17.09, 25.792]']",leak_label__1.0,0.053,1.0,0.592,0.053
"['pressure_Node_8__(59.84, 62.958]', 'pressure_Node_29__(17.549, 26.166]']",leak_label__1.0,0.175,1.0,0.679,0.175
"['pressure_Node_8__(62.958, 66.077]', 'pressure_Node_29__(17.549, 26.166]']",leak_label__1.0,0.019,1.0,0.571,0.019
"['pressure_Node_8__(62.958, 66.077]', 'pressure_Node_29__(26.166, 34.733]']",leak_label__1.0,0.079,1.0,0.608,0.079
"['pressure_Node_8__(59.84, 62.958]', 'pressure_Node_3__(64.226, 65.578]']",leak_label__1.0,0.131,0.961,0.628,0.137
"['pressure_Node_22__(53.401, 57.305]', 'pressure_Node_23__(54.161, 57.92]']",leak_label__1.0,0.11,0.998,0.629,0.11
"['pressure_Node_22__(57.305, 61.209]', 'pressure_Node_23__(54.161, 57.92]']",leak_label__1.0,0.063,1.0,0.598,0.063
"['pressure_Node_22__(53.401, 57.305]', 'pressure_Node_27__(48.927, 53.924]']",leak_label__1.0,0.138,0.993,0.647,0.138
"['pressure_Node_22__(57.305, 61.209]', 'pressure_Node_27__(48.927, 53.924]']",leak_label__1.0,0.034,1.0,0.58,0.034
"['pressure_Node_22__(57.305, 61.209]', 'pressure_Node_27__(53.924, 58.92]']",leak_label__1.0,0.079,0.656,0.375,0.12
"['pressure_Node_22__(61.209, 65.112]', 'pressure_Node_27__(53.924, 58.92]']",leak_label__1.0,0.016,1.0,0.569,0.016
"['pressure_Node_22__(57.305, 61.209]', 'pressure_Node_32__(53.082, 58.355]']",leak_label__1.0,0.063,0.661,0.369,0.095
"['pressure_Node_22__(53.401, 57.305]', 'pressure_Node_26__(48.779, 53.813]']",leak_label__1.0,0.133,0.994,0.644,0.134
"['pressure_Node_22__(57.305, 61.209]', 'pressure_Node_26__(48.779, 53.813]']",leak_label__1.0,0.04,1.0,0.584,0.04
"['pressure_Node_22__(57.305, 61.209]', 'pressure_Node_18__(65.179, 67.311]']",leak_label__1.0,0.02,1.0,0.571,0.02
"['pressure_Node_22__(53.401, 57.305]', 'pressure_Node_30__(45.594, 51.42]']",leak_label__1.0,0.097,1.0,0.62,0.097
"['pressure_Node_22__(53.401, 57.305]', 'pressure_Node_30__(51.42, 57.245]']",leak_label__1.0,0.0,0.056,-0.874,0.004
"['pressure_Node_22__(57.305, 61.209]', 'pressure_Node_30__(51.42, 57.245]']",leak_label__1.0,0.033,0.685,0.376,0.048
"['pressure_Node_22__(61.209, 65.112]', 'pressure_Node_30__(51.42, 57.245]']",leak_label__1.0,0.056,1.0,0.594,0.056
"['pressure_Node_22__(53.401, 57.305]', 'pressure_Node_31__(46.621, 52.19]']",leak_label__1.0,0.113,1.0,0.632,0.113
"['pressure_Node_22__(57.305, 61.209]', 'pressure_Node_31__(46.621, 52.19]']",leak_label__1.0,0.063,1.0,0.598,0.063
"['pressure_Node_22__(57.305, 61.209]', 'pressure_Node_19__(66.08, 67.81]']",leak_label__1.0,0.014,1.0,0.569,0.014
"['pressure_Node_22__(61.209, 65.112]', 'pressure_Node_19__(66.08, 67.81]']",leak_label__1.0,0.068,0.223,-0.584,0.305
"['pressure_Node_22__(53.401, 57.305]', 'pressure_Node_2__(69.502, 69.618]']",leak_label__1.0,0.145,0.974,0.644,0.148
"['pressure_Node_22__(57.305, 61.209]', 'pressure_Node_2__(69.502, 69.618]']",leak_label__1.0,0.005,0.5,0.122,0.01
"['pressure_Node_22__(57.305, 61.209]', 'pressure_Node_2__(69.618, 69.734]']",leak_label__1.0,0.098,0.612,0.335,0.161
"['pressure_Node_22__(61.209, 65.112]', 'pressure_Node_2__(69.502, 69.618]']",leak_label__1.0,0.002,1.0,0.561,0.002
"['pressure_Node_22__(61.209, 65.112]', 'pressure_Node_2__(69.618, 69.734]']",leak_label__1.0,0.005,0.102,-0.777,0.044
"['pressure_Node_22__(61.209, 65.112]', 'pressure_Node_2__(69.734, 69.851]']",leak_label__1.0,0.081,0.244,-0.547,0.333
"['pressure_Node_22__(53.401, 57.305]', 'pressure_Node_14__(57.637, 61.411]']",leak_label__1.0,0.037,1.0,0.582,0.037
"['pressure_Node_22__(57.305, 61.209]', 'pressure_Node_14__(57.637, 61.411]']",leak_label__1.0,0.085,0.588,0.295,0.145
"['pressure_Node_22__(61.209, 65.112]', 'pressure_Node_14__(57.637, 61.411]']",leak_label__1.0,0.0,0.005,-0.989,0.056
"['pressure_Node_22__(53.401, 57.305]', 'pressure_Node_28__(17.09, 25.792]']",leak_label__1.0,0.158,1.0,0.666,0.158
"['pressure_Node_22__(57.305, 61.209]', 'pressure_Node_28__(17.09, 25.792]']",leak_label__1.0,0.089,1.0,0.615,0.089
"['pressure_Node_22__(61.209, 65.112]', 'pressure_Node_28__(17.09, 25.792]']",leak_label__1.0,0.0,0.0,0.0,0.0
"['pressure_Node_22__(53.401, 57.305]', 'pressure_Node_29__(17.549, 26.166]']",leak_label__1.0,0.158,1.0,0.666,0.158
"['pressure_Node_22__(57.305, 61.209]', 'pressure_Node_29__(17.549, 26.166]']",leak_label__1.0,0.055,1.0,0.593,0.055
"['pressure_Node_22__(57.305, 61.209]', 'pressure_Node_29__(26.166, 34.733]']",leak_label__1.0,0.053,1.0,0.592,0.053
"['pressure_Node_22__(61.209, 65.112]', 'pressure_Node_29__(17.549, 26.166]']",leak_label__1.0,0.0,0.0,0.0,0.0
"['pressure_Node_22__(61.209, 65.112]', 'pressure_Node_29__(26.166, 34.733]']",leak_label__1.0,0.106,1.0,0.627,0.106
"['pressure_Node_22__(53.401, 57.305]', 'pressure_Node_15__(53.593, 57.434]']",leak_label__1.0,0.126,0.97,0.628,0.13
"['pressure_Node_22__(57.305, 61.209]', 'pressure_Node_15__(53.593, 57.434]']",leak_label__1.0,0.002,0.228,-0.483,0.009
"['pressure_Node_22__(61.209, 65.112]', 'pressure_Node_15__(53.593, 57.434]']",leak_label__1.0,0.005,1.0,0.563,0.005
"['pressure_Node_22__(53.401, 57.305]', 'pressure_Node_3__(64.226, 65.578]']",leak_label__1.0,0.146,0.974,0.646,0.15
"['pressure_Node_22__(57.305, 61.209]', 'pressure_Node_3__(64.226, 65.578]']",leak_label__1.0,0.006,0.556,0.211,0.01
"['pressure_Node_22__(57.305, 61.209]', 'pressure_Node_3__(65.578, 66.929]']",leak_label__1.0,0.099,0.61,0.333,0.162
"['pressure_Node_22__(61.209, 65.112]', 'pressure_Node_3__(64.226, 65.578]']",leak_label__1.0,0.002,1.0,0.561,0.002
"['pressure_Node_22__(57.305, 61.209]', 'pressure_Node_4__(63.722, 65.623]']",leak_label__1.0,0.089,0.612,0.329,0.145
"['pressure_Node_22__(61.209, 65.112]', 'pressure_Node_4__(63.722, 65.623]']",leak_label__1.0,0.0,0.003,-0.993,0.072
"['pressure_Node_22__(57.305, 61.209]', 'pressure_Node_13__(64.26, 69.068]']",leak_label__1.0,0.005,1.0,0.563,0.005
"['pressure_Node_22__(61.209, 65.112]', 'pressure_Node_13__(64.26, 69.068]']",leak_label__1.0,0.106,0.552,0.252,0.192
"['pressure_Node_22__(57.305, 61.209]', 'pressure_Node_5__(62.439, 64.738]']",leak_label__1.0,0.074,0.545,0.224,0.136
"['pressure_Node_22__(53.401, 57.305]', 'pressure_Node_10__(55.06, 58.584]']",leak_label__1.0,0.001,0.391,-0.11,0.001
"['pressure_Node_22__(61.209, 65.112]', 'pressure_Node_10__(55.06, 58.584]']",leak_label__1.0,0.001,1.0,0.561,0.001
"['pressure_Node_22__(57.305, 61.209]', 'pressure_Node_6__(55.74, 58.442]']",leak_label__1.0,0.004,1.0,0.562,0.004
"['pressure_Node_23__(54.161, 57.92]', 'pressure_Node_9__(58.899, 62.32]']",leak_label__1.0,0.128,1.0,0.643,0.128
"['pressure_Node_23__(54.161, 57.92]', 'pressure_Node_9__(62.32, 65.742]']",leak_label__1.0,0.045,1.0,0.587,0.045
"['pressure_Node_23__(54.161, 57.92]', 'pressure_Node_27__(48.927, 53.924]']",leak_label__1.0,0.144,0.998,0.654,0.144
"['pressure_Node_23__(54.161, 57.92]', 'pressure_Node_27__(53.924, 58.92]']",leak_label__1.0,0.029,1.0,0.577,0.029
"['pressure_Node_23__(57.92, 61.679]', 'pressure_Node_27__(48.927, 53.924]']",leak_label__1.0,0.0,0.25,-0.432,0.001
"['pressure_Node_23__(57.92, 61.679]', 'pressure_Node_27__(53.924, 58.92]']",leak_label__1.0,0.064,0.625,0.331,0.102
"['pressure_Node_23__(54.161, 57.92]', 'pressure_Node_32__(53.082, 58.355]']",leak_label__1.0,0.015,0.993,0.566,0.015
"['pressure_Node_23__(54.161, 57.92]', 'pressure_Node_26__(48.779, 53.813]']",leak_label__1.0,0.151,0.998,0.659,0.151
"['pressure_Node_23__(54.161, 57.92]', 'pressure_Node_26__(53.813, 58.847]']",leak_label__1.0,0.022,1.0,0.573,0.022
"['pressure_Node_23__(54.161, 57.92]', 'pressure_Node_18__(63.046, 65.179]']",leak_label__1.0,0.092,1.0,0.617,0.092
"['pressure_Node_23__(54.161, 57.92]', 'pressure_Node_18__(65.179, 67.311]']",leak_label__1.0,0.0,0.0,0.0,0.0
"['pressure_Node_23__(54.161, 57.92]', 'pressure_Node_30__(45.594, 51.42]']",leak_label__1.0,0.159,1.0,0.667,0.159
"['pressure_Node_23__(57.92, 61.679]', 'pressure_Node_30__(51.42, 57.245]']",leak_label__1.0,0.069,0.785,0.482,0.087
"['pressure_Node_23__(54.161, 57.92]', 'pressure_Node_25__(53.888, 58.9]']",leak_label__1.0,0.02,1.0,0.572,0.02
"['pressure_Node_23__(54.161, 57.92]', 'pressure_Node_31__(46.621, 52.19]']",leak_label__1.0,0.172,1.0,0.676,0.172
"['pressure_Node_23__(54.161, 57.92]', 'pressure_Node_19__(64.35, 66.08]']",leak_label__1.0,0.084,1.0,0.611,0.084
"['pressure_Node_23__(57.92, 61.679]', 'pressure_Node_19__(66.08, 67.81]']",leak_label__1.0,0.05,1.0,0.59,0.05
"['pressure_Node_23__(54.161, 57.92]', 'pressure_Node_2__(69.502, 69.618]']",leak_label__1.0,0.099,0.998,0.621,0.1
"['pressure_Node_23__(54.161, 57.92]', 'pressure_Node_2__(69.618, 69.734]']",leak_label__1.0,0.074,1.0,0.605,0.074
"['pressure_Node_23__(54.161, 57.92]', 'pressure_Node_2__(69.734, 69.851]']",leak_label__1.0,0.0,0.0,0.0,0.0
"['pressure_Node_23__(57.92, 61.679]', 'pressure_Node_2__(69.734, 69.851]']",leak_label__1.0,0.044,1.0,0.586,0.044
"['pressure_Node_23__(54.161, 57.92]', 'pressure_Node_14__(57.637, 61.411]']",leak_label__1.0,0.1,1.0,0.623,0.1
"['pressure_Node_23__(57.92, 61.679]', 'pressure_Node_14__(57.637, 61.411]']",leak_label__1.0,0.022,0.449,0.023,0.05
"['pressure_Node_23__(54.161, 57.92]', 'pressure_Node_28__(17.09, 25.792]']",leak_label__1.0,0.173,1.0,0.677,0.173
"['pressure_Node_23__(57.92, 61.679]', 'pressure_Node_28__(17.09, 25.792]']",leak_label__1.0,0.026,1.0,0.575,0.026
"['pressure_Node_23__(54.161, 57.92]', 'pressure_Node_29__(17.549, 26.166]']",leak_label__1.0,0.165,1.0,0.671,0.165
"['pressure_Node_23__(57.92, 61.679]', 'pressure_Node_29__(26.166, 34.733]']",leak_label__1.0,0.08,1.0,0.609,0.08
"['pressure_Node_23__(54.161, 57.92]', 'pressure_Node_15__(53.593, 57.434]']",leak_label__1.0,0.078,0.997,0.606,0.078
"['pressure_Node_23__(54.161, 57.92]', 'pressure_Node_15__(57.434, 61.274]']",leak_label__1.0,0.095,1.0,0.619,0.095
"['pressure_Node_23__(54.161, 57.92]', 'pressure_Node_3__(64.226, 65.578]']",leak_label__1.0,0.103,0.998,0.623,0.103
"['pressure_Node_23__(54.161, 57.92]', 'pressure_Node_3__(65.578, 66.929]']",leak_label__1.0,0.07,1.0,0.603,0.07
"['pressure_Node_23__(54.161, 57.92]', 'pressure_Node_3__(66.929, 68.28]']",leak_label__1.0,0.0,0.0,0.0,0.0
"['pressure_Node_23__(57.92, 61.679]', 'pressure_Node_3__(64.226, 65.578]']",leak_label__1.0,0.004,0.301,-0.318,0.012
"['pressure_Node_23__(54.161, 57.92]', 'pressure_Node_1__(-0.000333, 0.0]']",leak_label__1.0,0.173,0.999,0.677,0.173
"['pressure_Node_23__(54.161, 57.92]', 'pressure_Node_17__(59.305, 62.581]']",leak_label__1.0,0.099,1.0,0.622,0.099
"['pressure_Node_23__(54.161, 57.92]', 'pressure_Node_17__(62.581, 65.856]']",leak_label__1.0,0.0,0.0,0.0,0.0
"['pressure_Node_23__(54.161, 57.92]', 'pressure_Node_16__(57.444, 61.289]']",leak_label__1.0,0.092,1.0,0.617,0.092
"['pressure_Node_23__(54.161, 57.92]', 'pressure_Node_4__(63.722, 65.623]']",leak_label__1.0,0.093,1.0,0.618,0.093
"['pressure_Node_23__(54.161, 57.92]', 'pressure_Node_4__(65.623, 67.524]']",leak_label__1.0,0.0,0.0,0.0,0.0
"['pressure_Node_23__(54.161, 57.92]', 'pressure_Node_12__(64.409, 69.117]']",leak_label__1.0,0.0,0.0,0.0,0.0
"['pressure_Node_23__(54.161, 57.92]', 'pressure_Node_13__(64.26, 69.068]']",leak_label__1.0,0.0,0.0,0.0,0.0
"['pressure_Node_23__(54.161, 57.92]', 'pressure_Node_5__(60.14, 62.439]']",leak_label__1.0,0.037,0.994,0.579,0.037
"['pressure_Node_23__(54.161, 57.92]', 'pressure_Node_5__(62.439, 64.738]']",leak_label__1.0,0.136,1.0,0.648,0.136
"['pressure_Node_23__(54.161, 57.92]', 'pressure_Node_7__(60.85, 63.645]']",leak_label__1.0,0.162,1.0,0.668,0.162
"['pressure_Node_23__(54.161, 57.92]', 'pressure_Node_11__(65.13, 69.135]']",leak_label__1.0,0.0,0.0,0.0,0.0
"['pressure_Node_23__(54.161, 57.92]', 'pressure_Node_10__(55.06, 58.584]']",leak_label__1.0,0.0,0.0,-1.0,0.0
"['pressure_Node_23__(54.161, 57.92]', 'pressure_Node_10__(58.584, 62.108]']",leak_label__1.0,0.122,1.0,0.638,0.122
"['pressure_Node_23__(54.161, 57.92]', 'pressure_Node_10__(62.108, 65.631]']",leak_label__1.0,0.051,1.0,0.591,0.051
"['pressure_Node_23__(57.92, 61.679]', 'pressure_Node_10__(55.06, 58.584]']",leak_label__1.0,0.0,0.0,-1.0,0.001
"['pressure_Node_23__(54.161, 57.92]', 'pressure_Node_6__(61.144, 63.847]']",leak_label__1.0,0.162,1.0,0.668,0.162
"['pressure_Node_23__(54.161, 57.92]', 'pressure_Node_6__(63.847, 66.549]']",leak_label__1.0,0.005,1.0,0.563,0.005
"['pressure_Node_9__(58.899, 62.32]', 'pressure_Node_27__(48.927, 53.924]']",leak_label__1.0,0.155,1.0,0.663,0.155
"['pressure_Node_9__(58.899, 62.32]', 'pressure_Node_26__(48.779, 53.813]']",leak_label__1.0,0.151,1.0,0.659,0.151
"['pressure_Node_9__(55.478, 58.899]', 'pressure_Node_18__(65.179, 67.311]']",leak_label__1.0,0.002,1.0,0.562,0.002
"['pressure_Node_9__(55.478, 58.899]', 'pressure_Node_30__(51.42, 57.245]']",leak_label__1.0,0.0,0.0,-1.0,0.001
"['pressure_Node_9__(58.899, 62.32]', 'pressure_Node_30__(45.594, 51.42]']",leak_label__1.0,0.114,1.0,0.633,0.114
"['pressure_Node_9__(58.899, 62.32]', 'pressure_Node_30__(51.42, 57.245]']",leak_label__1.0,0.0,0.0,-1.0,0.018
"['pressure_Node_9__(62.32, 65.742]', 'pressure_Node_30__(45.594, 51.42]']",leak_label__1.0,0.058,1.0,0.595,0.058
"['pressure_Node_9__(58.899, 62.32]', 'pressure_Node_31__(46.621, 52.19]']",leak_label__1.0,0.131,1.0,0.645,0.131
"['pressure_Node_9__(62.32, 65.742]', 'pressure_Node_31__(46.621, 52.19]']",leak_label__1.0,0.045,1.0,0.587,0.045
"['pressure_Node_9__(55.478, 58.899]', 'pressure_Node_19__(66.08, 67.81]']",leak_label__1.0,0.002,1.0,0.561,0.002
"['pressure_Node_9__(55.478, 58.899]', 'pressure_Node_2__(69.618, 69.734]']",leak_label__1.0,0.001,1.0,0.561,0.001
"['pressure_Node_9__(58.899, 62.32]', 'pressure_Node_28__(17.09, 25.792]']",leak_label__1.0,0.177,1.0,0.681,0.177
"['pressure_Node_9__(62.32, 65.742]', 'pressure_Node_28__(17.09, 25.792]']",leak_label__1.0,0.071,1.0,0.603,0.071
"['pressure_Node_9__(55.478, 58.899]', 'pressure_Node_29__(17.549, 26.166]']",leak_label__1.0,0.042,1.0,0.585,0.042
"['pressure_Node_9__(58.899, 62.32]', 'pressure_Node_29__(17.549, 26.166]']",leak_label__1.0,0.177,1.0,0.681,0.177
"['pressure_Node_9__(62.32, 65.742]', 'pressure_Node_29__(17.549, 26.166]']",leak_label__1.0,0.037,1.0,0.582,0.037
"['pressure_Node_9__(62.32, 65.742]', 'pressure_Node_29__(26.166, 34.733]']",leak_label__1.0,0.074,1.0,0.605,0.074
"['pressure_Node_9__(55.478, 58.899]', 'pressure_Node_3__(65.578, 66.929]']",leak_label__1.0,0.001,1.0,0.561,0.001
"['pressure_Node_9__(55.478, 58.899]', 'pressure_Node_4__(63.722, 65.623]']",leak_label__1.0,0.001,1.0,0.561,0.001
"['pressure_Node_9__(55.478, 58.899]', 'pressure_Node_10__(55.06, 58.584]']",leak_label__1.0,0.04,0.98,0.575,0.041
"['pressure_Node_9__(55.478, 58.899]', 'pressure_Node_6__(55.74, 58.442]']",leak_label__1.0,0.012,1.0,0.567,0.012
"['pressure_Node_9__(55.478, 58.899]', 'pressure_Node_6__(58.442, 61.144]']",leak_label__1.0,0.032,0.961,0.561,0.034
"['pressure_Node_27__(48.927, 53.924]', 'pressure_Node_32__(53.082, 58.355]']",leak_label__1.0,0.0,0.222,-0.495,0.001
"['pressure_Node_27__(53.924, 58.92]', 'pressure_Node_32__(53.082, 58.355]']",leak_label__1.0,0.078,0.689,0.408,0.113
"['pressure_Node_27__(48.927, 53.924]', 'pressure_Node_26__(48.779, 53.813]']",leak_label__1.0,0.166,0.996,0.67,0.167
"['pressure_Node_27__(48.927, 53.924]', 'pressure_Node_18__(65.179, 67.311]']",leak_label__1.0,0.0,0.0,0.0,0.0
"['pressure_Node_27__(53.924, 58.92]', 'pressure_Node_18__(65.179, 67.311]']",leak_label__1.0,0.035,1.0,0.58,0.035
"['pressure_Node_27__(48.927, 53.924]', 'pressure_Node_30__(45.594, 51.42]']",leak_label__1.0,0.13,1.0,0.644,0.13
"['pressure_Node_27__(48.927, 53.924]', 'pressure_Node_30__(51.42, 57.245]']",leak_label__1.0,0.0,0.2,-0.545,0.001
"['pressure_Node_27__(53.924, 58.92]', 'pressure_Node_30__(45.594, 51.42]']",leak_label__1.0,0.043,1.0,0.585,0.043
"['pressure_Node_27__(53.924, 58.92]', 'pressure_Node_30__(51.42, 57.245]']",leak_label__1.0,0.048,0.727,0.423,0.066
"['pressure_Node_27__(48.927, 53.924]', 'pressure_Node_24__(55.496, 60.005]']",leak_label__1.0,0.0,0.308,-0.3,0.001
"['pressure_Node_27__(53.924, 58.92]', 'pressure_Node_24__(55.496, 60.005]']",leak_label__1.0,0.078,0.655,0.373,0.119
"['pressure_Node_27__(53.924, 58.92]', 'pressure_Node_25__(53.888, 58.9]']",leak_label__1.0,0.084,0.675,0.398,0.124
"['pressure_Node_27__(48.927, 53.924]', 'pressure_Node_31__(46.621, 52.19]']",leak_label__1.0,0.147,1.0,0.657,0.147
"['pressure_Node_27__(48.927, 53.924]', 'pressure_Node_31__(52.19, 57.759]']",leak_label__1.0,0.0,0.2,-0.545,0.001
"['pressure_Node_27__(53.924, 58.92]', 'pressure_Node_31__(46.621, 52.19]']",leak_label__1.0,0.03,1.0,0.577,0.03
"['pressure_Node_27__(53.924, 58.92]', 'pressure_Node_31__(52.19, 57.759]']",leak_label__1.0,0.062,0.713,0.42,0.087
"['pressure_Node_27__(48.927, 53.924]', 'pressure_Node_19__(64.35, 66.08]']",leak_label__1.0,0.054,1.0,0.593,0.054
"['pressure_Node_27__(48.927, 53.924]', 'pressure_Node_2__(69.502, 69.618]']",leak_label__1.0,0.127,0.993,0.639,0.128
"['pressure_Node_27__(48.927, 53.924]', 'pressure_Node_2__(69.618, 69.734]']",leak_label__1.0,0.044,1.0,0.586,0.044
"['pressure_Node_27__(53.924, 58.92]', 'pressure_Node_2__(69.502, 69.618]']",leak_label__1.0,0.005,0.397,-0.099,0.014
"['pressure_Node_27__(53.924, 58.92]', 'pressure_Node_2__(69.618, 69.734]']",leak_label__1.0,0.065,0.643,0.352,0.101
"['pressure_Node_27__(48.927, 53.924]', 'pressure_Node_14__(53.863, 57.637]']",leak_label__1.0,0.1,0.991,0.619,0.101
"['pressure_Node_27__(48.927, 53.924]', 'pressure_Node_14__(57.637, 61.411]']",leak_label__1.0,0.071,1.0,0.603,0.071
"['pressure_Node_27__(53.924, 58.92]', 'pressure_Node_14__(57.637, 61.411]']",leak_label__1.0,0.052,0.606,0.3,0.085
"['pressure_Node_27__(48.927, 53.924]', 'pressure_Node_28__(17.09, 25.792]']",leak_label__1.0,0.171,1.0,0.676,0.171
"['pressure_Node_27__(53.924, 58.92]', 'pressure_Node_28__(17.09, 25.792]']",leak_label__1.0,0.055,1.0,0.593,0.055
"['pressure_Node_27__(48.927, 53.924]', 'pressure_Node_29__(17.549, 26.166]']",leak_label__1.0,0.171,1.0,0.676,0.171
"['pressure_Node_27__(53.924, 58.92]', 'pressure_Node_29__(17.549, 26.166]']",leak_label__1.0,0.021,1.0,0.572,0.021
"['pressure_Node_27__(53.924, 58.92]', 'pressure_Node_29__(26.166, 34.733]']",leak_label__1.0,0.068,1.0,0.601,0.068
"['pressure_Node_27__(58.92, 63.917]', 'pressure_Node_29__(26.166, 34.733]']",leak_label__1.0,0.095,1.0,0.619,0.095
"['pressure_Node_27__(48.927, 53.924]', 'pressure_Node_15__(53.593, 57.434]']",leak_label__1.0,0.105,0.991,0.623,0.106
"['pressure_Node_27__(48.927, 53.924]', 'pressure_Node_15__(57.434, 61.274]']",leak_label__1.0,0.066,1.0,0.6,0.066
"['pressure_Node_27__(53.924, 58.92]', 'pressure_Node_15__(53.593, 57.434]']",leak_label__1.0,0.003,0.212,-0.52,0.012
"['pressure_Node_27__(53.924, 58.92]', 'pressure_Node_15__(57.434, 61.274]']",leak_label__1.0,0.055,0.61,0.307,0.089
"['pressure_Node_27__(48.927, 53.924]', 'pressure_Node_3__(64.226, 65.578]']",leak_label__1.0,0.13,0.993,0.641,0.131
"['pressure_Node_27__(48.927, 53.924]', 'pressure_Node_3__(65.578, 66.929]']",leak_label__1.0,0.041,1.0,0.584,0.041
"['pressure_Node_27__(53.924, 58.92]', 'pressure_Node_3__(64.226, 65.578]']",leak_label__1.0,0.005,0.416,-0.055,0.013
"['pressure_Node_27__(53.924, 58.92]', 'pressure_Node_3__(65.578, 66.929]']",leak_label__1.0,0.066,0.642,0.351,0.103
"['pressure_Node_27__(48.927, 53.924]', 'pressure_Node_1__(-0.000333, 0.0]']",leak_label__1.0,0.171,0.995,0.674,0.172
"['pressure_Node_27__(53.924, 58.92]', 'pressure_Node_1__(-0.000333, 0.0]']",leak_label__1.0,0.095,0.682,0.412,0.139
"['pressure_Node_27__(48.927, 53.924]', 'pressure_Node_17__(59.305, 62.581]']",leak_label__1.0,0.07,1.0,0.603,0.07
"['pressure_Node_27__(48.927, 53.924]', 'pressure_Node_17__(62.581, 65.856]']",leak_label__1.0,0.0,0.0,0.0,0.0
"['pressure_Node_27__(53.924, 58.92]', 'pressure_Node_17__(62.581, 65.856]']",leak_label__1.0,0.037,1.0,0.582,0.037
"['pressure_Node_27__(48.927, 53.924]', 'pressure_Node_16__(57.444, 61.289]']",leak_label__1.0,0.062,1.0,0.598,0.062
"['pressure_Node_27__(53.924, 58.92]', 'pressure_Node_16__(57.444, 61.289]']",leak_label__1.0,0.06,0.626,0.328,0.095
"['pressure_Node_27__(48.927, 53.924]', 'pressure_Node_4__(61.821, 63.722]']",leak_label__1.0,0.107,0.992,0.624,0.108
"['pressure_Node_27__(48.927, 53.924]', 'pressure_Node_4__(63.722, 65.623]']",leak_label__1.0,0.064,1.0,0.598,0.064
"['pressure_Node_27__(53.924, 58.92]', 'pressure_Node_4__(63.722, 65.623]']",leak_label__1.0,0.055,0.646,0.349,0.086
"['pressure_Node_27__(48.927, 53.924]', 'pressure_Node_13__(64.26, 69.068]']",leak_label__1.0,0.0,0.0,0.0,0.0
"['pressure_Node_27__(53.924, 58.92]', 'pressure_Node_13__(64.26, 69.068]']",leak_label__1.0,0.02,1.0,0.572,0.02
"['pressure_Node_27__(48.927, 53.924]', 'pressure_Node_5__(60.14, 62.439]']",leak_label__1.0,0.064,0.986,0.593,0.065
"['pressure_Node_27__(48.927, 53.924]', 'pressure_Node_5__(62.439, 64.738]']",leak_label__1.0,0.107,1.0,0.627,0.107
"['pressure_Node_27__(53.924, 58.92]', 'pressure_Node_5__(62.439, 64.738]']",leak_label__1.0,0.04,0.532,0.188,0.076
"['pressure_Node_27__(48.927, 53.924]', 'pressure_Node_7__(60.85, 63.645]']",leak_label__1.0,0.147,1.0,0.657,0.147
"['pressure_Node_27__(53.924, 58.92]', 'pressure_Node_7__(60.85, 63.645]']",leak_label__1.0,0.021,0.346,-0.225,0.06
"['pressure_Node_27__(48.927, 53.924]', 'pressure_Node_10__(55.06, 58.584]']",leak_label__1.0,0.0,0.0,-1.0,0.001
"['pressure_Node_27__(48.927, 53.924]', 'pressure_Node_6__(58.442, 61.144]']",leak_label__1.0,0.031,0.972,0.566,0.032
"['pressure_Node_27__(48.927, 53.924]', 'pressure_Node_6__(61.144, 63.847]']",leak_label__1.0,0.14,1.0,0.651,0.14
"['pressure_Node_27__(53.924, 58.92]', 'pressure_Node_6__(55.74, 58.442]']",leak_label__1.0,0.004,1.0,0.563,0.004
"['pressure_Node_27__(53.924, 58.92]', 'pressure_Node_6__(61.144, 63.847]']",leak_label__1.0,0.025,0.388,-0.125,0.063
"['pressure_Node_32__(53.082, 58.355]', 'pressure_Node_18__(65.179, 67.311]']",leak_label__1.0,0.043,1.0,0.586,0.043
"['pressure_Node_32__(53.082, 58.355]', 'pressure_Node_30__(45.594, 51.42]']",leak_label__1.0,0.029,1.0,0.577,0.029
"['pressure_Node_32__(53.082, 58.355]', 'pressure_Node_30__(51.42, 57.245]']",leak_label__1.0,0.057,0.75,0.448,0.076
"['pressure_Node_32__(53.082, 58.355]', 'pressure_Node_31__(46.621, 52.19]']",leak_label__1.0,0.015,1.0,0.569,0.015
"['pressure_Node_32__(53.082, 58.355]', 'pressure_Node_2__(69.502, 69.618]']",leak_label__1.0,0.002,0.215,-0.514,0.011
"['pressure_Node_32__(53.082, 58.355]', 'pressure_Node_2__(69.618, 69.734]']",leak_label__1.0,0.051,0.654,0.356,0.078
"['pressure_Node_32__(53.082, 58.355]', 'pressure_Node_14__(57.637, 61.411]']",leak_label__1.0,0.037,0.607,0.293,0.062
"['pressure_Node_32__(53.082, 58.355]', 'pressure_Node_28__(17.09, 25.792]']",leak_label__1.0,0.041,1.0,0.584,0.041
"['pressure_Node_32__(53.082, 58.355]', 'pressure_Node_29__(26.166, 34.733]']",leak_label__1.0,0.076,1.0,0.607,0.076
"['pressure_Node_32__(58.355, 63.629]', 'pressure_Node_29__(17.549, 26.166]']",leak_label__1.0,0.0,0.0,0.0,0.0
"['pressure_Node_32__(58.355, 63.629]', 'pressure_Node_29__(26.166, 34.733]']",leak_label__1.0,0.087,1.0,0.614,0.087
"['pressure_Node_32__(53.082, 58.355]', 'pressure_Node_3__(64.226, 65.578]']",leak_label__1.0,0.002,0.228,-0.485,0.011
"['pressure_Node_32__(53.082, 58.355]', 'pressure_Node_3__(65.578, 66.929]']",leak_label__1.0,0.052,0.653,0.354,0.08
"['pressure_Node_32__(53.082, 58.355]', 'pressure_Node_4__(63.722, 65.623]']",leak_label__1.0,0.041,0.661,0.357,0.062
"['pressure_Node_32__(53.082, 58.355]', 'pressure_Node_13__(64.26, 69.068]']",leak_label__1.0,0.028,1.0,0.577,0.028
"['pressure_Node_32__(53.082, 58.355]', 'pressure_Node_5__(62.439, 64.738]']",leak_label__1.0,0.026,0.499,0.126,0.053
"['pressure_Node_26__(48.779, 53.813]', 'pressure_Node_18__(63.046, 65.179]']",leak_label__1.0,0.07,1.0,0.602,0.07
"['pressure_Node_26__(48.779, 53.813]', 'pressure_Node_18__(65.179, 67.311]']",leak_label__1.0,0.0,0.0,0.0,0.0
"['pressure_Node_26__(48.779, 53.813]', 'pressure_Node_30__(45.594, 51.42]']",leak_label__1.0,0.137,1.0,0.649,0.137
"['pressure_Node_26__(48.779, 53.813]', 'pressure_Node_30__(51.42, 57.245]']",leak_label__1.0,0.0,0.188,-0.574,0.001
"['pressure_Node_26__(53.813, 58.847]', 'pressure_Node_30__(45.594, 51.42]']",leak_label__1.0,0.036,1.0,0.581,0.036
"['pressure_Node_26__(53.813, 58.847]', 'pressure_Node_30__(51.42, 57.245]']",leak_label__1.0,0.053,0.743,0.439,0.071
"['pressure_Node_26__(48.779, 53.813]', 'pressure_Node_31__(46.621, 52.19]']",leak_label__1.0,0.153,1.0,0.662,0.153
"['pressure_Node_26__(48.779, 53.813]', 'pressure_Node_31__(52.19, 57.759]']",leak_label__1.0,0.0,0.188,-0.574,0.001
"['pressure_Node_26__(53.813, 58.847]', 'pressure_Node_31__(46.621, 52.19]']",leak_label__1.0,0.023,1.0,0.573,0.023
"['pressure_Node_26__(48.779, 53.813]', 'pressure_Node_2__(69.502, 69.618]']",leak_label__1.0,0.122,0.994,0.636,0.123
"['pressure_Node_26__(48.779, 53.813]', 'pressure_Node_2__(69.618, 69.734]']",leak_label__1.0,0.051,1.0,0.59,0.051
"['pressure_Node_26__(48.779, 53.813]', 'pressure_Node_14__(53.863, 57.637]']",leak_label__1.0,0.095,0.992,0.616,0.096
"['pressure_Node_26__(48.779, 53.813]', 'pressure_Node_14__(57.637, 61.411]']",leak_label__1.0,0.078,1.0,0.607,0.078
"['pressure_Node_26__(48.779, 53.813]', 'pressure_Node_28__(17.09, 25.792]']",leak_label__1.0,0.173,1.0,0.677,0.173
"['pressure_Node_26__(53.813, 58.847]', 'pressure_Node_28__(17.09, 25.792]']",leak_label__1.0,0.049,1.0,0.589,0.049
"['pressure_Node_26__(48.779, 53.813]', 'pressure_Node_29__(17.549, 26.166]']",leak_label__1.0,0.173,1.0,0.677,0.173
"['pressure_Node_26__(48.779, 53.813]', 'pressure_Node_29__(26.166, 34.733]']",leak_label__1.0,0.0,1.0,0.56,0.0
"['pressure_Node_26__(53.813, 58.847]', 'pressure_Node_29__(26.166, 34.733]']",leak_label__1.0,0.073,1.0,0.604,0.073
"['pressure_Node_26__(48.779, 53.813]', 'pressure_Node_15__(53.593, 57.434]']",leak_label__1.0,0.101,0.993,0.62,0.101
"['pressure_Node_26__(48.779, 53.813]', 'pressure_Node_15__(57.434, 61.274]']",leak_label__1.0,0.072,1.0,0.604,0.072
"['pressure_Node_26__(48.779, 53.813]', 'pressure_Node_3__(64.226, 65.578]']",leak_label__1.0,0.125,0.994,0.638,0.126
"['pressure_Node_26__(48.779, 53.813]', 'pressure_Node_3__(65.578, 66.929]']",leak_label__1.0,0.048,1.0,0.588,0.048
"['pressure_Node_26__(48.779, 53.813]', 'pressure_Node_1__(-0.000333, 0.0]']",leak_label__1.0,0.173,0.996,0.676,0.174
"['pressure_Node_26__(48.779, 53.813]', 'pressure_Node_17__(59.305, 62.581]']",leak_label__1.0,0.077,1.0,0.607,0.077
"['pressure_Node_26__(48.779, 53.813]', 'pressure_Node_16__(57.444, 61.289]']",leak_label__1.0,0.069,1.0,0.602,0.069
"['pressure_Node_26__(48.779, 53.813]', 'pressure_Node_4__(61.821, 63.722]']",leak_label__1.0,0.102,0.993,0.621,0.103
"['pressure_Node_26__(48.779, 53.813]', 'pressure_Node_4__(63.722, 65.623]']",leak_label__1.0,0.07,1.0,0.603,0.07
"['pressure_Node_26__(48.779, 53.813]', 'pressure_Node_5__(60.14, 62.439]']",leak_label__1.0,0.06,0.988,0.59,0.06
"['pressure_Node_26__(48.779, 53.813]', 'pressure_Node_5__(64.738, 67.036]']",leak_label__1.0,0.0,0.0,0.0,0.0
"['pressure_Node_26__(48.779, 53.813]', 'pressure_Node_7__(60.85, 63.645]']",leak_label__1.0,0.153,1.0,0.662,0.153
"['pressure_Node_26__(48.779, 53.813]', 'pressure_Node_10__(55.06, 58.584]']",leak_label__1.0,0.0,0.0,-1.0,0.001
"['pressure_Node_26__(48.779, 53.813]', 'pressure_Node_10__(62.108, 65.631]']",leak_label__1.0,0.029,1.0,0.577,0.029
"['pressure_Node_26__(48.779, 53.813]', 'pressure_Node_6__(58.442, 61.144]']",leak_label__1.0,0.026,0.973,0.563,0.027
"['pressure_Node_26__(48.779, 53.813]', 'pressure_Node_6__(61.144, 63.847]']",leak_label__1.0,0.146,1.0,0.656,0.146
"['pressure_Node_26__(48.779, 53.813]', 'pressure_Node_6__(63.847, 66.549]']",leak_label__1.0,0.0,0.0,0.0,0.0
"['pressure_Node_18__(63.046, 65.179]', 'pressure_Node_30__(45.594, 51.42]']",leak_label__1.0,0.106,1.0,0.627,0.106
"['pressure_Node_18__(65.179, 67.311]', 'pressure_Node_30__(45.594, 51.42]']",leak_label__1.0,0.0,0.0,0.0,0.0
"['pressure_Node_18__(65.179, 67.311]', 'pressure_Node_30__(51.42, 57.245]']",leak_label__1.0,0.075,1.0,0.606,0.075
"['pressure_Node_18__(65.179, 67.311]', 'pressure_Node_24__(55.496, 60.005]']",leak_label__1.0,0.043,1.0,0.586,0.043
"['pressure_Node_18__(65.179, 67.311]', 'pressure_Node_25__(53.888, 58.9]']",leak_label__1.0,0.04,1.0,0.584,0.04
"['pressure_Node_18__(63.046, 65.179]', 'pressure_Node_31__(46.621, 52.19]']",leak_label__1.0,0.093,1.0,0.617,0.093
"['pressure_Node_18__(65.179, 67.311]', 'pressure_Node_31__(52.19, 57.759]']",leak_label__1.0,0.058,1.0,0.595,0.058
"['pressure_Node_18__(65.179, 67.311]', 'pressure_Node_19__(66.08, 67.81]']",leak_label__1.0,0.075,0.235,-0.562,0.318
"['pressure_Node_18__(65.179, 67.311]', 'pressure_Node_2__(69.618, 69.734]']",leak_label__1.0,0.011,1.0,0.567,0.011
"['pressure_Node_18__(65.179, 67.311]', 'pressure_Node_2__(69.734, 69.851]']",leak_label__1.0,0.069,0.222,-0.586,0.309
"['pressure_Node_18__(65.179, 67.311]', 'pressure_Node_14__(57.637, 61.411]']",leak_label__1.0,0.002,0.6,0.268,0.004
"['pressure_Node_18__(63.046, 65.179]', 'pressure_Node_28__(17.09, 25.792]']",leak_label__1.0,0.116,1.0,0.634,0.116
"['pressure_Node_18__(65.179, 67.311]', 'pressure_Node_28__(17.09, 25.792]']",leak_label__1.0,0.002,1.0,0.561,0.002
"['pressure_Node_18__(63.046, 65.179]', 'pressure_Node_29__(17.549, 26.166]']",leak_label__1.0,0.084,1.0,0.612,0.084
"['pressure_Node_18__(63.046, 65.179]', 'pressure_Node_29__(26.166, 34.733]']",leak_label__1.0,0.033,1.0,0.58,0.033
"['pressure_Node_18__(65.179, 67.311]', 'pressure_Node_29__(17.549, 26.166]']",leak_label__1.0,0.0,0.0,0.0,0.0
"['pressure_Node_18__(65.179, 67.311]', 'pressure_Node_29__(26.166, 34.733]']",leak_label__1.0,0.077,1.0,0.607,0.077
"['pressure_Node_18__(65.179, 67.311]', 'pressure_Node_3__(65.578, 66.929]']",leak_label__1.0,0.012,1.0,0.567,0.012
"['pressure_Node_18__(65.179, 67.311]', 'pressure_Node_3__(66.929, 68.28]']",leak_label__1.0,0.068,0.221,-0.589,0.307
"['pressure_Node_18__(65.179, 67.311]', 'pressure_Node_17__(62.581, 65.856]']",leak_label__1.0,0.075,0.237,-0.558,0.319
"['pressure_Node_18__(65.179, 67.311]', 'pressure_Node_13__(64.26, 69.068]']",leak_label__1.0,0.062,0.368,-0.19,0.168
"['pressure_Node_18__(65.179, 67.311]', 'pressure_Node_5__(62.439, 64.738]']",leak_label__1.0,0.002,0.818,0.464,0.003
"['pressure_Node_18__(65.179, 67.311]', 'pressure_Node_11__(65.13, 69.135]']",leak_label__1.0,0.05,0.426,-0.036,0.118
"['pressure_Node_18__(65.179, 67.311]', 'pressure_Node_10__(55.06, 58.584]']",leak_label__1.0,0.002,1.0,0.562,0.002
"['pressure_Node_18__(65.179, 67.311]', 'pressure_Node_6__(55.74, 58.442]']",leak_label__1.0,0.0,0.0,0.0,0.0
"['pressure_Node_18__(65.179, 67.311]', 'pressure_Node_6__(58.442, 61.144]']",leak_label__1.0,0.001,1.0,0.561,0.001
"['pressure_Node_30__(45.594, 51.42]', 'pressure_Node_24__(55.496, 60.005]']",leak_label__1.0,0.028,1.0,0.576,0.028
"['pressure_Node_30__(51.42, 57.245]', 'pressure_Node_24__(55.496, 60.005]']",leak_label__1.0,0.057,0.754,0.451,0.076
"['pressure_Node_30__(45.594, 51.42]', 'pressure_Node_25__(53.888, 58.9]']",leak_label__1.0,0.034,1.0,0.58,0.034
"['pressure_Node_30__(51.42, 57.245]', 'pressure_Node_25__(53.888, 58.9]']",leak_label__1.0,0.054,0.743,0.44,0.072
"['pressure_Node_30__(45.594, 51.42]', 'pressure_Node_31__(46.621, 52.19]']",leak_label__1.0,0.16,1.0,0.667,0.16
"['pressure_Node_30__(51.42, 57.245]', 'pressure_Node_31__(52.19, 57.759]']",leak_label__1.0,0.071,0.79,0.487,0.09
"['pressure_Node_30__(45.594, 51.42]', 'pressure_Node_19__(66.08, 67.81]']",leak_label__1.0,0.0,0.0,0.0,0.0
"['pressure_Node_30__(51.42, 57.245]', 'pressure_Node_19__(64.35, 66.08]']",leak_label__1.0,0.017,0.696,0.378,0.024
"['pressure_Node_30__(51.42, 57.245]', 'pressure_Node_19__(66.08, 67.81]']",leak_label__1.0,0.07,1.0,0.603,0.07
"['pressure_Node_30__(45.594, 51.42]', 'pressure_Node_2__(69.502, 69.618]']",leak_label__1.0,0.086,1.0,0.613,0.086
"['pressure_Node_30__(45.594, 51.42]', 'pressure_Node_2__(69.618, 69.734]']",leak_label__1.0,0.087,1.0,0.614,0.087
"['pressure_Node_30__(45.594, 51.42]', 'pressure_Node_2__(69.734, 69.851]']",leak_label__1.0,0.0,0.0,0.0,0.0
"['pressure_Node_30__(51.42, 57.245]', 'pressure_Node_2__(69.502, 69.618]']",leak_label__1.0,0.001,0.122,-0.726,0.01
"['pressure_Node_30__(51.42, 57.245]', 'pressure_Node_2__(69.618, 69.734]']",leak_label__1.0,0.022,0.694,0.378,0.032
"['pressure_Node_30__(51.42, 57.245]', 'pressure_Node_2__(69.734, 69.851]']",leak_label__1.0,0.065,1.0,0.599,0.065
"['pressure_Node_30__(45.594, 51.42]', 'pressure_Node_14__(57.637, 61.411]']",leak_label__1.0,0.114,1.0,0.632,0.114
"['pressure_Node_30__(51.42, 57.245]', 'pressure_Node_14__(53.863, 57.637]']",leak_label__1.0,0.0,0.0,-1.0,0.012
"['pressure_Node_30__(51.42, 57.245]', 'pressure_Node_14__(57.637, 61.411]']",leak_label__1.0,0.009,0.552,0.206,0.016
"['pressure_Node_30__(45.594, 51.42]', 'pressure_Node_28__(17.09, 25.792]']",leak_label__1.0,0.173,1.0,0.677,0.173
"['pressure_Node_30__(57.245, 63.07]', 'pressure_Node_28__(17.09, 25.792]']",leak_label__1.0,0.0,0.0,0.0,0.0
"['pressure_Node_30__(45.594, 51.42]', 'pressure_Node_29__(17.549, 26.166]']",leak_label__1.0,0.151,1.0,0.66,0.151
"['pressure_Node_30__(51.42, 57.245]', 'pressure_Node_29__(26.166, 34.733]']",leak_label__1.0,0.087,1.0,0.614,0.087
"['pressure_Node_30__(45.594, 51.42]', 'pressure_Node_15__(53.593, 57.434]']",leak_label__1.0,0.064,1.0,0.599,0.064
"['pressure_Node_30__(45.594, 51.42]', 'pressure_Node_15__(57.434, 61.274]']",leak_label__1.0,0.108,1.0,0.628,0.108
"['pressure_Node_30__(51.42, 57.245]', 'pressure_Node_15__(57.434, 61.274]']",leak_label__1.0,0.012,0.581,0.248,0.02
"['pressure_Node_30__(45.594, 51.42]', 'pressure_Node_3__(64.226, 65.578]']",leak_label__1.0,0.089,1.0,0.615,0.089
"['pressure_Node_30__(45.594, 51.42]', 'pressure_Node_3__(65.578, 66.929]']",leak_label__1.0,0.084,1.0,0.611,0.084
"['pressure_Node_30__(45.594, 51.42]', 'pressure_Node_3__(66.929, 68.28]']",leak_label__1.0,0.0,0.0,0.0,0.0
"['pressure_Node_30__(51.42, 57.245]', 'pressure_Node_3__(64.226, 65.578]']",leak_label__1.0,0.001,0.129,-0.708,0.01
"['pressure_Node_30__(51.42, 57.245]', 'pressure_Node_3__(65.578, 66.929]']",leak_label__1.0,0.023,0.688,0.374,0.034
"['pressure_Node_30__(51.42, 57.245]', 'pressure_Node_3__(66.929, 68.28]']",leak_label__1.0,0.064,1.0,0.599,0.064
"['pressure_Node_30__(45.594, 51.42]', 'pressure_Node_1__(-0.000333, 0.0]']",leak_label__1.0,0.173,1.0,0.677,0.173
"['pressure_Node_30__(51.42, 57.245]', 'pressure_Node_1__(-0.000333, 0.0]']",leak_label__1.0,0.089,0.824,0.523,0.108
"['pressure_Node_30__(45.594, 51.42]', 'pressure_Node_17__(59.305, 62.581]']",leak_label__1.0,0.113,1.0,0.632,0.113
"['pressure_Node_30__(45.594, 51.42]', 'pressure_Node_17__(62.581, 65.856]']",leak_label__1.0,0.0,0.0,0.0,0.0
"['pressure_Node_30__(51.42, 57.245]', 'pressure_Node_17__(59.305, 62.581]']",leak_label__1.0,0.01,0.622,0.298,0.015
"['pressure_Node_30__(51.42, 57.245]', 'pressure_Node_17__(62.581, 65.856]']",leak_label__1.0,0.074,1.0,0.605,0.074
"['pressure_Node_30__(45.594, 51.42]', 'pressure_Node_16__(57.444, 61.289]']",leak_label__1.0,0.105,1.0,0.626,0.105
"['pressure_Node_30__(51.42, 57.245]', 'pressure_Node_16__(57.444, 61.289]']",leak_label__1.0,0.015,0.607,0.282,0.024
"['pressure_Node_30__(45.594, 51.42]', 'pressure_Node_4__(63.722, 65.623]']",leak_label__1.0,0.106,1.0,0.627,0.106
"['pressure_Node_30__(45.594, 51.42]', 'pressure_Node_4__(65.623, 67.524]']",leak_label__1.0,0.0,0.0,0.0,0.0
"['pressure_Node_30__(51.42, 57.245]', 'pressure_Node_4__(61.821, 63.722]']",leak_label__1.0,0.0,0.0,-1.0,0.015
"['pressure_Node_30__(51.42, 57.245]', 'pressure_Node_4__(65.623, 67.524]']",leak_label__1.0,0.074,1.0,0.605,0.074
"['pressure_Node_30__(45.594, 51.42]', 'pressure_Node_12__(59.701, 64.409]']",leak_label__1.0,0.171,1.0,0.676,0.171
"['pressure_Node_30__(51.42, 57.245]', 'pressure_Node_12__(64.409, 69.117]']",leak_label__1.0,0.063,1.0,0.598,0.063
"['pressure_Node_30__(45.594, 51.42]', 'pressure_Node_13__(64.26, 69.068]']",leak_label__1.0,0.0,0.0,0.0,0.0
"['pressure_Node_30__(51.42, 57.245]', 'pressure_Node_13__(54.644, 59.452]']",leak_label__1.0,0.0,0.0,-1.0,0.012
"['pressure_Node_30__(51.42, 57.245]', 'pressure_Node_13__(64.26, 69.068]']",leak_label__1.0,0.061,1.0,0.596,0.061
"['pressure_Node_30__(45.594, 51.42]', 'pressure_Node_5__(62.439, 64.738]']",leak_label__1.0,0.146,1.0,0.656,0.146
"['pressure_Node_30__(51.42, 57.245]', 'pressure_Node_5__(60.14, 62.439]']",leak_label__1.0,0.0,0.0,-1.0,0.01
"['pressure_Node_30__(45.594, 51.42]', 'pressure_Node_7__(60.85, 63.645]']",leak_label__1.0,0.151,1.0,0.66,0.151
"['pressure_Node_30__(45.594, 51.42]', 'pressure_Node_7__(63.645, 66.44]']",leak_label__1.0,0.022,1.0,0.573,0.022
"['pressure_Node_30__(51.42, 57.245]', 'pressure_Node_7__(60.85, 63.645]']",leak_label__1.0,0.0,0.0,-1.0,0.013
"['pressure_Node_30__(45.594, 51.42]', 'pressure_Node_11__(57.119, 61.124]']",leak_label__1.0,0.064,1.0,0.599,0.064
"['pressure_Node_30__(45.594, 51.42]', 'pressure_Node_11__(61.124, 65.13]']",leak_label__1.0,0.109,1.0,0.629,0.109
"['pressure_Node_30__(45.594, 51.42]', 'pressure_Node_11__(65.13, 69.135]']",leak_label__1.0,0.0,0.0,0.0,0.0
"['pressure_Node_30__(45.594, 51.42]', 'pressure_Node_10__(58.584, 62.108]']",leak_label__1.0,0.108,1.0,0.628,0.108
"['pressure_Node_30__(45.594, 51.42]', 'pressure_Node_10__(62.108, 65.631]']",leak_label__1.0,0.065,1.0,0.599,0.065
"['pressure_Node_30__(51.42, 57.245]', 'pressure_Node_10__(55.06, 58.584]']",leak_label__1.0,0.0,0.0,-1.0,0.001
"['pressure_Node_30__(45.594, 51.42]', 'pressure_Node_6__(61.144, 63.847]']",leak_label__1.0,0.153,1.0,0.662,0.153
"['pressure_Node_30__(45.594, 51.42]', 'pressure_Node_6__(63.847, 66.549]']",leak_label__1.0,0.018,1.0,0.571,0.018
"['pressure_Node_30__(51.42, 57.245]', 'pressure_Node_6__(58.442, 61.144]']",leak_label__1.0,0.0,0.0,-1.0,0.006
"['pressure_Node_30__(51.42, 57.245]', 'pressure_Node_6__(61.144, 63.847]']",leak_label__1.0,0.0,0.0,-1.0,0.013
"['pressure_Node_24__(55.496, 60.005]', 'pressure_Node_2__(69.502, 69.618]']",leak_label__1.0,0.003,0.283,-0.359,0.012
"['pressure_Node_24__(55.496, 60.005]', 'pressure_Node_2__(69.618, 69.734]']",leak_label__1.0,0.05,0.604,0.296,0.083
"['pressure_Node_24__(55.496, 60.005]', 'pressure_Node_14__(57.637, 61.411]']",leak_label__1.0,0.037,0.547,0.211,0.067
"['pressure_Node_24__(55.496, 60.005]', 'pressure_Node_29__(26.166, 34.733]']",leak_label__1.0,0.076,1.0,0.607,0.076
"['pressure_Node_24__(55.496, 60.005]', 'pressure_Node_3__(64.226, 65.578]']",leak_label__1.0,0.003,0.299,-0.324,0.011
"['pressure_Node_24__(55.496, 60.005]', 'pressure_Node_3__(65.578, 66.929]']",leak_label__1.0,0.051,0.603,0.296,0.085
"['pressure_Node_24__(55.496, 60.005]', 'pressure_Node_4__(63.722, 65.623]']",leak_label__1.0,0.04,0.598,0.284,0.067
"['pressure_Node_24__(55.496, 60.005]', 'pressure_Node_13__(64.26, 69.068]']",leak_label__1.0,0.028,1.0,0.577,0.028
"['pressure_Node_25__(53.888, 58.9]', 'pressure_Node_31__(46.621, 52.19]']",leak_label__1.0,0.02,1.0,0.572,0.02
"['pressure_Node_25__(53.888, 58.9]', 'pressure_Node_2__(69.502, 69.618]']",leak_label__1.0,0.003,0.28,-0.367,0.012
"['pressure_Node_25__(53.888, 58.9]', 'pressure_Node_2__(69.618, 69.734]']",leak_label__1.0,0.056,0.635,0.338,0.088
"['pressure_Node_25__(53.888, 58.9]', 'pressure_Node_14__(57.637, 61.411]']",leak_label__1.0,0.042,0.59,0.275,0.072
"['pressure_Node_25__(53.888, 58.9]', 'pressure_Node_28__(17.09, 25.792]']",leak_label__1.0,0.046,1.0,0.588,0.046
"['pressure_Node_25__(53.888, 58.9]', 'pressure_Node_29__(26.166, 34.733]']",leak_label__1.0,0.074,1.0,0.605,0.074
"['pressure_Node_25__(53.888, 58.9]', 'pressure_Node_3__(64.226, 65.578]']",leak_label__1.0,0.003,0.295,-0.332,0.011
"['pressure_Node_25__(53.888, 58.9]', 'pressure_Node_3__(65.578, 66.929]']",leak_label__1.0,0.057,0.634,0.337,0.09
"['pressure_Node_25__(53.888, 58.9]', 'pressure_Node_4__(63.722, 65.623]']",leak_label__1.0,0.046,0.638,0.334,0.072
"['pressure_Node_25__(53.888, 58.9]', 'pressure_Node_13__(64.26, 69.068]']",leak_label__1.0,0.025,1.0,0.575,0.025
"['pressure_Node_25__(53.888, 58.9]', 'pressure_Node_6__(55.74, 58.442]']",leak_label__1.0,0.002,1.0,0.561,0.002
"['pressure_Node_31__(46.621, 52.19]', 'pressure_Node_19__(64.35, 66.08]']",leak_label__1.0,0.084,1.0,0.612,0.084
"['pressure_Node_31__(52.19, 57.759]', 'pressure_Node_19__(66.08, 67.81]']",leak_label__1.0,0.053,1.0,0.592,0.053
"['pressure_Node_31__(46.621, 52.19]', 'pressure_Node_2__(69.502, 69.618]']",leak_label__1.0,0.102,1.0,0.624,0.102
"['pressure_Node_31__(46.621, 52.19]', 'pressure_Node_2__(69.618, 69.734]']",leak_label__1.0,0.074,1.0,0.605,0.074
"['pressure_Node_31__(52.19, 57.759]', 'pressure_Node_2__(69.502, 69.618]']",leak_label__1.0,0.002,0.172,-0.612,0.011
"['pressure_Node_31__(52.19, 57.759]', 'pressure_Node_2__(69.618, 69.734]']",leak_label__1.0,0.036,0.681,0.374,0.052
"['pressure_Node_31__(52.19, 57.759]', 'pressure_Node_2__(69.734, 69.851]']",leak_label__1.0,0.047,1.0,0.588,0.047
"['pressure_Node_31__(46.621, 52.19]', 'pressure_Node_14__(53.863, 57.637]']",leak_label__1.0,0.076,1.0,0.606,0.076
"['pressure_Node_31__(46.621, 52.19]', 'pressure_Node_14__(57.637, 61.411]']",leak_label__1.0,0.1,1.0,0.623,0.1
"['pressure_Node_31__(46.621, 52.19]', 'pressure_Node_14__(61.411, 65.185]']",leak_label__1.0,0.0,0.0,0.0,0.0
"['pressure_Node_31__(52.19, 57.759]', 'pressure_Node_14__(57.637, 61.411]']",leak_label__1.0,0.022,0.612,0.292,0.036
"['pressure_Node_31__(46.621, 52.19]', 'pressure_Node_28__(17.09, 25.792]']",leak_label__1.0,0.176,1.0,0.68,0.176
"['pressure_Node_31__(52.19, 57.759]', 'pressure_Node_28__(17.09, 25.792]']",leak_label__1.0,0.026,1.0,0.575,0.026
"['pressure_Node_31__(57.759, 63.328]', 'pressure_Node_28__(17.09, 25.792]']",leak_label__1.0,0.0,0.0,0.0,0.0
"['pressure_Node_31__(46.621, 52.19]', 'pressure_Node_29__(17.549, 26.166]']",leak_label__1.0,0.168,1.0,0.673,0.168
"['pressure_Node_31__(52.19, 57.759]', 'pressure_Node_29__(26.166, 34.733]']",leak_label__1.0,0.083,1.0,0.611,0.083
"['pressure_Node_31__(57.759, 63.328]', 'pressure_Node_29__(17.549, 26.166]']",leak_label__1.0,0.0,0.0,0.0,0.0
"['pressure_Node_31__(57.759, 63.328]', 'pressure_Node_29__(26.166, 34.733]']",leak_label__1.0,0.072,1.0,0.604,0.072
"['pressure_Node_31__(46.621, 52.19]', 'pressure_Node_15__(53.593, 57.434]']",leak_label__1.0,0.081,1.0,0.61,0.081
"['pressure_Node_31__(46.621, 52.19]', 'pressure_Node_15__(57.434, 61.274]']",leak_label__1.0,0.095,1.0,0.619,0.095
"['pressure_Node_31__(46.621, 52.19]', 'pressure_Node_3__(64.226, 65.578]']",leak_label__1.0,0.106,1.0,0.626,0.106
"['pressure_Node_31__(46.621, 52.19]', 'pressure_Node_3__(65.578, 66.929]']",leak_label__1.0,0.071,1.0,0.603,0.071
"['pressure_Node_31__(52.19, 57.759]', 'pressure_Node_3__(64.226, 65.578]']",leak_label__1.0,0.002,0.182,-0.588,0.01
"['pressure_Node_31__(52.19, 57.759]', 'pressure_Node_3__(65.578, 66.929]']",leak_label__1.0,0.036,0.678,0.371,0.054
"['pressure_Node_31__(46.621, 52.19]', 'pressure_Node_1__(-0.000333, 0.0]']",leak_label__1.0,0.176,1.0,0.68,0.176
"['pressure_Node_31__(46.621, 52.19]', 'pressure_Node_17__(59.305, 62.581]']",leak_label__1.0,0.1,1.0,0.622,0.1
"['pressure_Node_31__(46.621, 52.19]', 'pressure_Node_16__(57.444, 61.289]']",leak_label__1.0,0.092,1.0,0.617,0.092
"['pressure_Node_31__(46.621, 52.19]', 'pressure_Node_4__(61.821, 63.722]']",leak_label__1.0,0.083,1.0,0.611,0.083
"['pressure_Node_31__(46.621, 52.19]', 'pressure_Node_4__(63.722, 65.623]']",leak_label__1.0,0.093,1.0,0.618,0.093
"['pressure_Node_31__(46.621, 52.19]', 'pressure_Node_4__(65.623, 67.524]']",leak_label__1.0,0.0,0.0,0.0,0.0
"['pressure_Node_31__(52.19, 57.759]', 'pressure_Node_4__(63.722, 65.623]']",leak_label__1.0,0.026,0.705,0.39,0.037
"['pressure_Node_31__(46.621, 52.19]', 'pressure_Node_12__(59.701, 64.409]']",leak_label__1.0,0.167,1.0,0.672,0.167
"['pressure_Node_31__(46.621, 52.19]', 'pressure_Node_12__(64.409, 69.117]']",leak_label__1.0,0.0,0.0,0.0,0.0
"['pressure_Node_31__(46.621, 52.19]', 'pressure_Node_13__(64.26, 69.068]']",leak_label__1.0,0.0,0.0,0.0,0.0
"['pressure_Node_31__(52.19, 57.759]', 'pressure_Node_13__(64.26, 69.068]']",leak_label__1.0,0.043,1.0,0.585,0.043
"['pressure_Node_31__(46.621, 52.19]', 'pressure_Node_5__(60.14, 62.439]']",leak_label__1.0,0.04,1.0,0.584,0.04
"['pressure_Node_31__(46.621, 52.19]', 'pressure_Node_5__(62.439, 64.738]']",leak_label__1.0,0.136,1.0,0.649,0.136
"['pressure_Node_31__(46.621, 52.19]', 'pressure_Node_7__(60.85, 63.645]']",leak_label__1.0,0.163,1.0,0.669,0.163
"['pressure_Node_31__(46.621, 52.19]', 'pressure_Node_7__(63.645, 66.44]']",leak_label__1.0,0.009,1.0,0.565,0.009
"['pressure_Node_31__(46.621, 52.19]', 'pressure_Node_11__(57.119, 61.124]']",leak_label__1.0,0.081,1.0,0.609,0.081
"['pressure_Node_31__(46.621, 52.19]', 'pressure_Node_11__(65.13, 69.135]']",leak_label__1.0,0.0,0.0,0.0,0.0
"['pressure_Node_31__(46.621, 52.19]', 'pressure_Node_10__(58.584, 62.108]']",leak_label__1.0,0.125,1.0,0.64,0.125
"['pressure_Node_31__(46.621, 52.19]', 'pressure_Node_10__(62.108, 65.631]']",leak_label__1.0,0.052,1.0,0.591,0.052
"['pressure_Node_31__(52.19, 57.759]', 'pressure_Node_10__(55.06, 58.584]']",leak_label__1.0,0.0,0.0,-1.0,0.001
"['pressure_Node_31__(46.621, 52.19]', 'pressure_Node_6__(61.144, 63.847]']",leak_label__1.0,0.162,1.0,0.669,0.162
"['pressure_Node_31__(46.621, 52.19]', 'pressure_Node_6__(63.847, 66.549]']",leak_label__1.0,0.006,1.0,0.563,0.006
"['pressure_Node_19__(66.08, 67.81]', 'pressure_Node_2__(69.734, 69.851]']",leak_label__1.0,0.079,0.24,-0.555,0.331
"['pressure_Node_19__(64.35, 66.08]', 'pressure_Node_28__(17.09, 25.792]']",leak_label__1.0,0.11,1.0,0.629,0.11
"['pressure_Node_19__(64.35, 66.08]', 'pressure_Node_29__(17.549, 26.166]']",leak_label__1.0,0.076,1.0,0.606,0.076
"['pressure_Node_19__(64.35, 66.08]', 'pressure_Node_29__(26.166, 34.733]']",leak_label__1.0,0.038,1.0,0.583,0.038
"['pressure_Node_19__(66.08, 67.81]', 'pressure_Node_29__(26.166, 34.733]']",leak_label__1.0,0.082,1.0,0.61,0.082
"['pressure_Node_19__(66.08, 67.81]', 'pressure_Node_3__(66.929, 68.28]']",leak_label__1.0,0.079,0.239,-0.557,0.329
"['pressure_Node_19__(66.08, 67.81]', 'pressure_Node_1__(-0.000333, 0.0]']",leak_label__1.0,0.085,0.251,-0.533,0.34
"['pressure_Node_19__(66.08, 67.81]', 'pressure_Node_17__(62.581, 65.856]']",leak_label__1.0,0.07,0.22,-0.595,0.318
"['pressure_Node_19__(66.08, 67.81]', 'pressure_Node_13__(64.26, 69.068]']",leak_label__1.0,0.072,0.409,-0.083,0.175
"['pressure_Node_19__(66.08, 67.81]', 'pressure_Node_5__(62.439, 64.738]']",leak_label__1.0,0.003,0.743,0.41,0.004
"['pressure_Node_19__(66.08, 67.81]', 'pressure_Node_7__(60.85, 63.645]']",leak_label__1.0,0.003,1.0,0.562,0.003
"['pressure_Node_19__(64.35, 66.08]', 'pressure_Node_10__(55.06, 58.584]']",leak_label__1.0,0.001,1.0,0.561,0.001
"['pressure_Node_19__(66.08, 67.81]', 'pressure_Node_6__(61.144, 63.847]']",leak_label__1.0,0.003,1.0,0.562,0.003
"['pressure_Node_2__(69.502, 69.618]', 'pressure_Node_14__(57.637, 61.411]']",leak_label__1.0,0.027,1.0,0.576,0.027
"['pressure_Node_2__(69.618, 69.734]', 'pressure_Node_14__(57.637, 61.411]']",leak_label__1.0,0.096,0.491,0.129,0.195
"['pressure_Node_2__(69.734, 69.851]', 'pressure_Node_14__(57.637, 61.411]']",leak_label__1.0,0.004,0.182,-0.592,0.02
"['pressure_Node_2__(69.502, 69.618]', 'pressure_Node_28__(17.09, 25.792]']",leak_label__1.0,0.147,1.0,0.657,0.147
"['pressure_Node_2__(69.618, 69.734]', 'pressure_Node_28__(17.09, 25.792]']",leak_label__1.0,0.1,1.0,0.622,0.1
"['pressure_Node_2__(69.502, 69.618]', 'pressure_Node_29__(17.549, 26.166]']",leak_label__1.0,0.147,1.0,0.657,0.147
"['pressure_Node_2__(69.618, 69.734]', 'pressure_Node_29__(17.549, 26.166]']",leak_label__1.0,0.065,1.0,0.599,0.065
"['pressure_Node_2__(69.618, 69.734]', 'pressure_Node_29__(26.166, 34.733]']",leak_label__1.0,0.044,1.0,0.586,0.044
"['pressure_Node_2__(69.734, 69.851]', 'pressure_Node_29__(26.166, 34.733]']",leak_label__1.0,0.09,1.0,0.615,0.09
"['pressure_Node_2__(69.502, 69.618]', 'pressure_Node_15__(53.593, 57.434]']",leak_label__1.0,0.129,0.934,0.614,0.138
"['pressure_Node_2__(69.618, 69.734]', 'pressure_Node_15__(53.593, 57.434]']",leak_label__1.0,0.004,0.727,0.397,0.005
"['pressure_Node_2__(69.734, 69.851]', 'pressure_Node_15__(57.434, 61.274]']",leak_label__1.0,0.002,0.173,-0.608,0.011
"['pressure_Node_2__(69.502, 69.618]', 'pressure_Node_3__(64.226, 65.578]']",leak_label__1.0,0.152,0.947,0.638,0.16
"['pressure_Node_2__(69.618, 69.734]', 'pressure_Node_3__(65.578, 66.929]']",leak_label__1.0,0.11,0.53,0.215,0.208
"['pressure_Node_2__(69.734, 69.851]', 'pressure_Node_3__(66.929, 68.28]']",leak_label__1.0,0.093,0.259,-0.521,0.358
"['pressure_Node_2__(69.502, 69.618]', 'pressure_Node_1__(-0.000333, 0.0]']",leak_label__1.0,0.153,0.944,0.638,0.163
"['pressure_Node_2__(69.618, 69.734]', 'pressure_Node_1__(-0.000333, 0.0]']",leak_label__1.0,0.114,0.527,0.211,0.216
"['pressure_Node_2__(69.734, 69.851]', 'pressure_Node_1__(-0.000333, 0.0]']",leak_label__1.0,0.093,0.26,-0.52,0.36
"['pressure_Node_2__(69.618, 69.734]', 'pressure_Node_17__(62.581, 65.856]']",leak_label__1.0,0.014,0.992,0.565,0.014
"['pressure_Node_2__(69.734, 69.851]', 'pressure_Node_17__(62.581, 65.856]']",leak_label__1.0,0.064,0.206,-0.621,0.31
"['pressure_Node_2__(69.502, 69.618]', 'pressure_Node_16__(57.444, 61.289]']",leak_label__1.0,0.022,0.992,0.569,0.022
"['pressure_Node_2__(69.618, 69.734]', 'pressure_Node_16__(57.444, 61.289]']",leak_label__1.0,0.105,0.514,0.182,0.205
"['pressure_Node_2__(69.502, 69.618]', 'pressure_Node_4__(63.722, 65.623]']",leak_label__1.0,0.019,1.0,0.571,0.019
"['pressure_Node_2__(69.618, 69.734]', 'pressure_Node_4__(63.722, 65.623]']",leak_label__1.0,0.1,0.508,0.167,0.196
"['pressure_Node_2__(69.734, 69.851]', 'pressure_Node_4__(63.722, 65.623]']",leak_label__1.0,0.004,0.1,-0.778,0.035
"['pressure_Node_2__(69.618, 69.734]', 'pressure_Node_13__(64.26, 69.068]']",leak_label__1.0,0.0,0.0,0.0,0.0
"['pressure_Node_2__(69.734, 69.851]', 'pressure_Node_13__(64.26, 69.068]']",leak_label__1.0,0.085,0.459,0.051,0.186
"['pressure_Node_2__(69.502, 69.618]', 'pressure_Node_5__(62.439, 64.738]']",leak_label__1.0,0.062,1.0,0.597,0.062
"['pressure_Node_2__(69.618, 69.734]', 'pressure_Node_5__(62.439, 64.738]']",leak_label__1.0,0.085,0.457,0.047,0.185
"['pressure_Node_2__(69.502, 69.618]', 'pressure_Node_7__(60.85, 63.645]']",leak_label__1.0,0.102,0.969,0.611,0.106
"['pressure_Node_2__(69.618, 69.734]', 'pressure_Node_7__(60.85, 63.645]']",leak_label__1.0,0.065,0.458,0.047,0.142
"['pressure_Node_2__(69.734, 69.851]', 'pressure_Node_7__(60.85, 63.645]']",leak_label__1.0,0.003,1.0,0.562,0.003
"['pressure_Node_2__(69.618, 69.734]', 'pressure_Node_11__(65.13, 69.135]']",leak_label__1.0,0.0,0.0,0.0,0.0
"['pressure_Node_2__(69.734, 69.851]', 'pressure_Node_11__(65.13, 69.135]']",leak_label__1.0,0.073,0.543,0.219,0.135
"['pressure_Node_2__(69.618, 69.734]', 'pressure_Node_10__(55.06, 58.584]']",leak_label__1.0,0.001,1.0,0.561,0.001
"['pressure_Node_2__(69.502, 69.618]', 'pressure_Node_6__(55.74, 58.442]']",leak_label__1.0,0.005,1.0,0.563,0.005
"['pressure_Node_2__(69.502, 69.618]', 'pressure_Node_6__(58.442, 61.144]']",leak_label__1.0,0.052,0.889,0.536,0.058
"['pressure_Node_2__(69.502, 69.618]', 'pressure_Node_6__(61.144, 63.847]']",leak_label__1.0,0.095,0.973,0.608,0.098
"['pressure_Node_2__(69.618, 69.734]', 'pressure_Node_6__(58.442, 61.144]']",leak_label__1.0,0.002,1.0,0.561,0.002
"['pressure_Node_2__(69.618, 69.734]', 'pressure_Node_6__(61.144, 63.847]']",leak_label__1.0,0.069,0.457,0.045,0.151
"['pressure_Node_2__(69.734, 69.851]', 'pressure_Node_6__(61.144, 63.847]']",leak_label__1.0,0.003,1.0,0.562,0.003
"['pressure_Node_14__(53.863, 57.637]', 'pressure_Node_28__(17.09, 25.792]']",leak_label__1.0,0.129,1.0,0.643,0.129
"['pressure_Node_14__(57.637, 61.411]', 'pressure_Node_28__(17.09, 25.792]']",leak_label__1.0,0.122,1.0,0.638,0.122
"['pressure_Node_14__(61.411, 65.185]', 'pressure_Node_28__(17.09, 25.792]']",leak_label__1.0,0.004,1.0,0.563,0.004
"['pressure_Node_14__(53.863, 57.637]', 'pressure_Node_29__(17.549, 26.166]']",leak_label__1.0,0.129,1.0,0.643,0.129
"['pressure_Node_14__(57.637, 61.411]', 'pressure_Node_29__(17.549, 26.166]']",leak_label__1.0,0.092,1.0,0.617,0.092
"['pressure_Node_14__(57.637, 61.411]', 'pressure_Node_29__(26.166, 34.733]']",leak_label__1.0,0.03,1.0,0.578,0.03
"['pressure_Node_14__(61.411, 65.185]', 'pressure_Node_29__(17.549, 26.166]']",leak_label__1.0,0.0,0.0,0.0,0.0
"['pressure_Node_14__(61.411, 65.185]', 'pressure_Node_29__(26.166, 34.733]']",leak_label__1.0,0.072,1.0,0.604,0.072
"['pressure_Node_14__(57.637, 61.411]', 'pressure_Node_15__(57.434, 61.274]']",leak_label__1.0,0.119,0.524,0.208,0.227
"['pressure_Node_14__(57.637, 61.411]', 'pressure_Node_3__(64.226, 65.578]']",leak_label__1.0,0.03,1.0,0.578,0.03
"['pressure_Node_14__(57.637, 61.411]', 'pressure_Node_3__(65.578, 66.929]']",leak_label__1.0,0.093,0.493,0.134,0.188
"['pressure_Node_14__(57.637, 61.411]', 'pressure_Node_3__(66.929, 68.28]']",leak_label__1.0,0.004,0.149,-0.668,0.024
"['pressure_Node_14__(57.637, 61.411]', 'pressure_Node_1__(-0.000333, 0.0]']",leak_label__1.0,0.126,0.522,0.207,0.242
"['pressure_Node_14__(57.637, 61.411]', 'pressure_Node_16__(57.444, 61.289]']",leak_label__1.0,0.114,0.529,0.215,0.215
"['pressure_Node_14__(57.637, 61.411]', 'pressure_Node_4__(63.722, 65.623]']",leak_label__1.0,0.118,0.513,0.186,0.231
"['pressure_Node_14__(57.637, 61.411]', 'pressure_Node_13__(64.26, 69.068]']",leak_label__1.0,0.0,0.0,0.0,0.0
"['pressure_Node_14__(57.637, 61.411]', 'pressure_Node_5__(62.439, 64.738]']",leak_label__1.0,0.115,0.526,0.21,0.218
"['pressure_Node_14__(57.637, 61.411]', 'pressure_Node_7__(60.85, 63.645]']",leak_label__1.0,0.095,0.561,0.26,0.169
"['pressure_Node_14__(57.637, 61.411]', 'pressure_Node_11__(65.13, 69.135]']",leak_label__1.0,0.0,0.0,0.0,0.0
"['pressure_Node_14__(57.637, 61.411]', 'pressure_Node_10__(55.06, 58.584]']",leak_label__1.0,0.001,1.0,0.561,0.001
"['pressure_Node_14__(57.637, 61.411]', 'pressure_Node_6__(58.442, 61.144]']",leak_label__1.0,0.001,1.0,0.561,0.001
"['pressure_Node_14__(57.637, 61.411]', 'pressure_Node_6__(61.144, 63.847]']",leak_label__1.0,0.099,0.555,0.253,0.178
"['pressure_Node_28__(17.09, 25.792]', 'pressure_Node_29__(17.549, 26.166]']",leak_label__1.0,0.261,1.0,0.758,0.261
"['pressure_Node_28__(17.09, 25.792]', 'pressure_Node_15__(53.593, 57.434]']",leak_label__1.0,0.133,1.0,0.646,0.133
"['pressure_Node_28__(17.09, 25.792]', 'pressure_Node_15__(57.434, 61.274]']",leak_label__1.0,0.119,1.0,0.636,0.119
"['pressure_Node_28__(17.09, 25.792]', 'pressure_Node_3__(64.226, 65.578]']",leak_label__1.0,0.149,1.0,0.658,0.149
"['pressure_Node_28__(17.09, 25.792]', 'pressure_Node_3__(65.578, 66.929]']",leak_label__1.0,0.096,1.0,0.62,0.096
"['pressure_Node_28__(17.09, 25.792]', 'pressure_Node_1__(-0.000333, 0.0]']",leak_label__1.0,0.295,1.0,0.795,0.295
"['pressure_Node_28__(17.09, 25.792]', 'pressure_Node_17__(59.305, 62.581]']",leak_label__1.0,0.122,1.0,0.638,0.122
"['pressure_Node_28__(17.09, 25.792]', 'pressure_Node_16__(57.444, 61.289]']",leak_label__1.0,0.117,1.0,0.635,0.117
"['pressure_Node_28__(17.09, 25.792]', 'pressure_Node_4__(63.722, 65.623]']",leak_label__1.0,0.118,1.0,0.635,0.118
"['pressure_Node_28__(17.09, 25.792]', 'pressure_Node_4__(65.623, 67.524]']",leak_label__1.0,0.002,1.0,0.561,0.002
"['pressure_Node_28__(17.09, 25.792]', 'pressure_Node_12__(59.701, 64.409]']",leak_label__1.0,0.194,1.0,0.695,0.194
"['pressure_Node_28__(17.09, 25.792]', 'pressure_Node_12__(64.409, 69.117]']",leak_label__1.0,0.0,0.0,0.0,0.0
"['pressure_Node_28__(17.09, 25.792]', 'pressure_Node_13__(54.644, 59.452]']",leak_label__1.0,0.111,1.0,0.63,0.111
"['pressure_Node_28__(17.09, 25.792]', 'pressure_Node_13__(59.452, 64.26]']",leak_label__1.0,0.176,1.0,0.68,0.176
"['pressure_Node_28__(17.09, 25.792]', 'pressure_Node_13__(64.26, 69.068]']",leak_label__1.0,0.0,0.0,0.0,0.0
"['pressure_Node_28__(17.09, 25.792]', 'pressure_Node_5__(60.14, 62.439]']",leak_label__1.0,0.107,1.0,0.628,0.107
"['pressure_Node_28__(17.09, 25.792]', 'pressure_Node_5__(62.439, 64.738]']",leak_label__1.0,0.147,1.0,0.657,0.147
"['pressure_Node_28__(17.09, 25.792]', 'pressure_Node_5__(64.738, 67.036]']",leak_label__1.0,0.015,1.0,0.569,0.015
"['pressure_Node_28__(17.09, 25.792]', 'pressure_Node_7__(60.85, 63.645]']",leak_label__1.0,0.167,1.0,0.673,0.167
"['pressure_Node_28__(17.09, 25.792]', 'pressure_Node_7__(63.645, 66.44]']",leak_label__1.0,0.035,1.0,0.58,0.035
"['pressure_Node_28__(17.09, 25.792]', 'pressure_Node_11__(57.119, 61.124]']",leak_label__1.0,0.153,1.0,0.662,0.153
"['pressure_Node_28__(17.09, 25.792]', 'pressure_Node_11__(61.124, 65.13]']",leak_label__1.0,0.122,1.0,0.638,0.122
"['pressure_Node_28__(17.09, 25.792]', 'pressure_Node_11__(65.13, 69.135]']",leak_label__1.0,0.0,0.0,0.0,0.0
"['pressure_Node_28__(17.09, 25.792]', 'pressure_Node_10__(55.06, 58.584]']",leak_label__1.0,0.038,1.0,0.583,0.038
"['pressure_Node_28__(17.09, 25.792]', 'pressure_Node_10__(58.584, 62.108]']",leak_label__1.0,0.176,1.0,0.68,0.176
"['pressure_Node_28__(17.09, 25.792]', 'pressure_Node_10__(62.108, 65.631]']",leak_label__1.0,0.077,1.0,0.607,0.077
"['pressure_Node_28__(17.09, 25.792]', 'pressure_Node_6__(55.74, 58.442]']",leak_label__1.0,0.015,1.0,0.569,0.015
"['pressure_Node_28__(17.09, 25.792]', 'pressure_Node_6__(58.442, 61.144]']",leak_label__1.0,0.084,1.0,0.612,0.084
"['pressure_Node_28__(17.09, 25.792]', 'pressure_Node_6__(61.144, 63.847]']",leak_label__1.0,0.164,1.0,0.67,0.164
"['pressure_Node_28__(17.09, 25.792]', 'pressure_Node_6__(63.847, 66.549]']",leak_label__1.0,0.031,1.0,0.578,0.031
"['pressure_Node_29__(17.549, 26.166]', 'pressure_Node_15__(53.593, 57.434]']",leak_label__1.0,0.133,1.0,0.646,0.133
"['pressure_Node_29__(17.549, 26.166]', 'pressure_Node_15__(57.434, 61.274]']",leak_label__1.0,0.087,1.0,0.614,0.087
"['pressure_Node_29__(26.166, 34.733]', 'pressure_Node_15__(57.434, 61.274]']",leak_label__1.0,0.033,1.0,0.58,0.033
"['pressure_Node_29__(17.549, 26.166]', 'pressure_Node_3__(64.226, 65.578]']",leak_label__1.0,0.149,1.0,0.658,0.149
"['pressure_Node_29__(17.549, 26.166]', 'pressure_Node_3__(65.578, 66.929]']",leak_label__1.0,0.062,1.0,0.597,0.062
"['pressure_Node_29__(26.166, 34.733]', 'pressure_Node_3__(65.578, 66.929]']",leak_label__1.0,0.045,1.0,0.587,0.045
"['pressure_Node_29__(26.166, 34.733]', 'pressure_Node_3__(66.929, 68.28]']",leak_label__1.0,0.092,1.0,0.617,0.092
"['pressure_Node_29__(17.549, 26.166]', 'pressure_Node_1__(-0.000333, 0.0]']",leak_label__1.0,0.261,1.0,0.758,0.261
"['pressure_Node_29__(26.166, 34.733]', 'pressure_Node_1__(-0.000333, 0.0]']",leak_label__1.0,0.164,1.0,0.67,0.164
"['pressure_Node_29__(17.549, 26.166]', 'pressure_Node_17__(59.305, 62.581]']",leak_label__1.0,0.091,1.0,0.617,0.091
"['pressure_Node_29__(26.166, 34.733]', 'pressure_Node_17__(59.305, 62.581]']",leak_label__1.0,0.031,1.0,0.578,0.031
"['pressure_Node_29__(17.549, 26.166]', 'pressure_Node_16__(57.444, 61.289]']",leak_label__1.0,0.083,1.0,0.611,0.083
"['pressure_Node_29__(17.549, 26.166]', 'pressure_Node_4__(63.722, 65.623]']",leak_label__1.0,0.085,1.0,0.612,0.085
"['pressure_Node_29__(17.549, 26.166]', 'pressure_Node_4__(65.623, 67.524]']",leak_label__1.0,0.0,0.0,0.0,0.0
"['pressure_Node_29__(26.166, 34.733]', 'pressure_Node_4__(63.722, 65.623]']",leak_label__1.0,0.034,1.0,0.58,0.034
"['pressure_Node_29__(26.166, 34.733]', 'pressure_Node_4__(65.623, 67.524]']",leak_label__1.0,0.076,1.0,0.606,0.076
"['pressure_Node_29__(17.549, 26.166]', 'pressure_Node_12__(59.701, 64.409]']",leak_label__1.0,0.16,1.0,0.667,0.16
"['pressure_Node_29__(17.549, 26.166]', 'pressure_Node_12__(64.409, 69.117]']",leak_label__1.0,0.0,0.0,0.0,0.0
"['pressure_Node_29__(26.166, 34.733]', 'pressure_Node_12__(64.409, 69.117]']",leak_label__1.0,0.118,1.0,0.635,0.118
"['pressure_Node_29__(17.549, 26.166]', 'pressure_Node_13__(54.644, 59.452]']",leak_label__1.0,0.111,1.0,0.63,0.111
"['pressure_Node_29__(17.549, 26.166]', 'pressure_Node_13__(64.26, 69.068]']",leak_label__1.0,0.0,0.0,0.0,0.0
"['pressure_Node_29__(26.166, 34.733]', 'pressure_Node_13__(64.26, 69.068]']",leak_label__1.0,0.115,1.0,0.633,0.115
"['pressure_Node_29__(17.549, 26.166]', 'pressure_Node_5__(60.14, 62.439]']",leak_label__1.0,0.107,1.0,0.628,0.107
"['pressure_Node_29__(17.549, 26.166]', 'pressure_Node_5__(62.439, 64.738]']",leak_label__1.0,0.128,1.0,0.642,0.128
"['pressure_Node_29__(26.166, 34.733]', 'pressure_Node_5__(64.738, 67.036]']",leak_label__1.0,0.077,1.0,0.607,0.077
"['pressure_Node_29__(17.549, 26.166]', 'pressure_Node_7__(60.85, 63.645]']",leak_label__1.0,0.165,1.0,0.671,0.165
"['pressure_Node_29__(17.549, 26.166]', 'pressure_Node_7__(63.645, 66.44]']",leak_label__1.0,0.003,1.0,0.562,0.003
"['pressure_Node_29__(26.166, 34.733]', 'pressure_Node_7__(63.645, 66.44]']",leak_label__1.0,0.083,1.0,0.611,0.083
"['pressure_Node_29__(17.549, 26.166]', 'pressure_Node_11__(57.119, 61.124]']",leak_label__1.0,0.153,1.0,0.662,0.153
"['pressure_Node_29__(17.549, 26.166]', 'pressure_Node_11__(61.124, 65.13]']",leak_label__1.0,0.087,1.0,0.614,0.087
"['pressure_Node_29__(17.549, 26.166]', 'pressure_Node_11__(65.13, 69.135]']",leak_label__1.0,0.0,0.0,0.0,0.0
"['pressure_Node_29__(26.166, 34.733]', 'pressure_Node_11__(61.124, 65.13]']",leak_label__1.0,0.06,1.0,0.596,0.06
"['pressure_Node_29__(26.166, 34.733]', 'pressure_Node_11__(65.13, 69.135]']",leak_label__1.0,0.104,1.0,0.625,0.104
"['pressure_Node_29__(17.549, 26.166]', 'pressure_Node_10__(55.06, 58.584]']",leak_label__1.0,0.038,1.0,0.583,0.038
"['pressure_Node_29__(17.549, 26.166]', 'pressure_Node_10__(58.584, 62.108]']",leak_label__1.0,0.176,1.0,0.68,0.176
"['pressure_Node_29__(17.549, 26.166]', 'pressure_Node_10__(62.108, 65.631]']",leak_label__1.0,0.043,1.0,0.586,0.043
"['pressure_Node_29__(26.166, 34.733]', 'pressure_Node_10__(58.584, 62.108]']",leak_label__1.0,0.0,0.0,0.0,0.0
"['pressure_Node_29__(26.166, 34.733]', 'pressure_Node_10__(62.108, 65.631]']",leak_label__1.0,0.072,1.0,0.604,0.072
"['pressure_Node_29__(17.549, 26.166]', 'pressure_Node_6__(55.74, 58.442]']",leak_label__1.0,0.015,1.0,0.569,0.015
"['pressure_Node_29__(17.549, 26.166]', 'pressure_Node_6__(58.442, 61.144]']",leak_label__1.0,0.084,1.0,0.612,0.084
"['pressure_Node_29__(17.549, 26.166]', 'pressure_Node_6__(61.144, 63.847]']",leak_label__1.0,0.159,1.0,0.667,0.159
"['pressure_Node_29__(17.549, 26.166]', 'pressure_Node_6__(63.847, 66.549]']",leak_label__1.0,0.001,1.0,0.561,0.001
"['pressure_Node_29__(26.166, 34.733]', 'pressure_Node_6__(63.847, 66.549]']",leak_label__1.0,0.083,1.0,0.611,0.083
"['pressure_Node_15__(53.593, 57.434]', 'pressure_Node_3__(64.226, 65.578]']",leak_label__1.0,0.128,0.938,0.615,0.136
"['pressure_Node_15__(53.593, 57.434]', 'pressure_Node_3__(65.578, 66.929]']",leak_label__1.0,0.003,0.624,0.296,0.005
"['pressure_Node_15__(57.434, 61.274]', 'pressure_Node_3__(64.226, 65.578]']",leak_label__1.0,0.025,1.0,0.574,0.025
"['pressure_Node_15__(53.593, 57.434]', 'pressure_Node_1__(-0.000333, 0.0]']",leak_label__1.0,0.14,0.931,0.621,0.151
"['pressure_Node_15__(57.434, 61.274]', 'pressure_Node_10__(55.06, 58.584]']",leak_label__1.0,0.002,1.0,0.562,0.002
"['pressure_Node_15__(53.593, 57.434]', 'pressure_Node_6__(55.74, 58.442]']",leak_label__1.0,0.006,1.0,0.564,0.006
"['pressure_Node_15__(53.593, 57.434]', 'pressure_Node_6__(58.442, 61.144]']",leak_label__1.0,0.06,0.903,0.55,0.066
"['pressure_Node_3__(64.226, 65.578]', 'pressure_Node_1__(-0.000333, 0.0]']",leak_label__1.0,0.155,0.948,0.641,0.164
"['pressure_Node_3__(65.578, 66.929]', 'pressure_Node_17__(62.581, 65.856]']",leak_label__1.0,0.015,0.996,0.567,0.015
"['pressure_Node_3__(64.226, 65.578]', 'pressure_Node_16__(57.444, 61.289]']",leak_label__1.0,0.025,1.0,0.575,0.025
"['pressure_Node_3__(64.226, 65.578]', 'pressure_Node_4__(63.722, 65.623]']",leak_label__1.0,0.023,1.0,0.573,0.023
"['pressure_Node_3__(65.578, 66.929]', 'pressure_Node_4__(63.722, 65.623]']",leak_label__1.0,0.096,0.512,0.174,0.188
"['pressure_Node_3__(66.929, 68.28]', 'pressure_Node_4__(63.722, 65.623]']",leak_label__1.0,0.004,0.089,-0.804,0.04
"['pressure_Node_3__(64.226, 65.578]', 'pressure_Node_13__(64.26, 69.068]']",leak_label__1.0,0.0,0.0,0.0,0.0
"['pressure_Node_3__(65.578, 66.929]', 'pressure_Node_13__(64.26, 69.068]']",leak_label__1.0,0.0,0.0,0.0,0.0
"['pressure_Node_3__(66.929, 68.28]', 'pressure_Node_13__(64.26, 69.068]']",leak_label__1.0,0.088,0.47,0.079,0.188
"['pressure_Node_3__(64.226, 65.578]', 'pressure_Node_5__(62.439, 64.738]']",leak_label__1.0,0.066,1.0,0.6,0.066
"['pressure_Node_3__(65.578, 66.929]', 'pressure_Node_5__(62.439, 64.738]']",leak_label__1.0,0.082,0.456,0.044,0.179
"['pressure_Node_3__(64.226, 65.578]', 'pressure_Node_7__(60.85, 63.645]']",leak_label__1.0,0.106,0.976,0.616,0.108
"['pressure_Node_3__(65.578, 66.929]', 'pressure_Node_11__(65.13, 69.135]']",leak_label__1.0,0.0,0.0,0.0,0.0
"['pressure_Node_3__(65.578, 66.929]', 'pressure_Node_10__(55.06, 58.584]']",leak_label__1.0,0.001,1.0,0.561,0.001
"['pressure_Node_3__(64.226, 65.578]', 'pressure_Node_6__(55.74, 58.442]']",leak_label__1.0,0.006,1.0,0.563,0.006
"['pressure_Node_3__(64.226, 65.578]', 'pressure_Node_6__(58.442, 61.144]']",leak_label__1.0,0.05,0.886,0.534,0.056
"['pressure_Node_3__(64.226, 65.578]', 'pressure_Node_6__(61.144, 63.847]']",leak_label__1.0,0.099,0.98,0.613,0.101
"['pressure_Node_3__(65.578, 66.929]', 'pressure_Node_6__(58.442, 61.144]']",leak_label__1.0,0.002,1.0,0.561,0.002
"['pressure_Node_3__(66.929, 68.28]', 'pressure_Node_6__(58.442, 61.144]']",leak_label__1.0,0.001,1.0,0.561,0.001
"['pressure_Node_1__(-0.000333, 0.0]', 'pressure_Node_4__(63.722, 65.623]']",leak_label__1.0,0.123,0.489,0.135,0.251
"['pressure_Node_1__(-0.000333, 0.0]', 'pressure_Node_13__(64.26, 69.068]']",leak_label__1.0,0.115,0.289,-0.463,0.398
"['pressure_Node_1__(-0.000333, 0.0]', 'pressure_Node_10__(55.06, 58.584]']",leak_label__1.0,0.041,0.981,0.576,0.042
"['pressure_Node_1__(-0.000333, 0.0]', 'pressure_Node_6__(58.442, 61.144]']",leak_label__1.0,0.086,0.931,0.582,0.093
"['pressure_Node_17__(62.581, 65.856]', 'pressure_Node_13__(64.26, 69.068]']",leak_label__1.0,0.057,0.354,-0.224,0.162
"['pressure_Node_17__(62.581, 65.856]', 'pressure_Node_10__(55.06, 58.584]']",leak_label__1.0,0.003,1.0,0.562,0.003
"['pressure_Node_17__(62.581, 65.856]', 'pressure_Node_6__(58.442, 61.144]']",leak_label__1.0,0.002,1.0,0.561,0.002
"['pressure_Node_16__(57.444, 61.289]', 'pressure_Node_4__(63.722, 65.623]']",leak_label__1.0,0.116,0.542,0.24,0.214
"['pressure_Node_16__(57.444, 61.289]', 'pressure_Node_13__(64.26, 69.068]']",leak_label__1.0,0.0,0.0,0.0,0.0
"['pressure_Node_16__(57.444, 61.289]', 'pressure_Node_6__(58.442, 61.144]']",leak_label__1.0,0.001,1.0,0.561,0.001
"['pressure_Node_4__(63.722, 65.623]', 'pressure_Node_5__(62.439, 64.738]']",leak_label__1.0,0.108,0.517,0.188,0.208
"['pressure_Node_4__(63.722, 65.623]', 'pressure_Node_7__(60.85, 63.645]']",leak_label__1.0,0.088,0.552,0.242,0.159
"['pressure_Node_4__(63.722, 65.623]', 'pressure_Node_11__(65.13, 69.135]']",leak_label__1.0,0.0,0.0,0.0,0.0
"['pressure_Node_4__(63.722, 65.623]', 'pressure_Node_10__(55.06, 58.584]']",leak_label__1.0,0.001,1.0,0.561,0.001
"['pressure_Node_4__(63.722, 65.623]', 'pressure_Node_6__(58.442, 61.144]']",leak_label__1.0,0.0,1.0,0.561,0.0
"['pressure_Node_4__(63.722, 65.623]', 'pressure_Node_6__(61.144, 63.847]']",leak_label__1.0,0.091,0.547,0.235,0.167
"['pressure_Node_13__(64.26, 69.068]', 'pressure_Node_5__(62.439, 64.738]']",leak_label__1.0,0.0,0.0,0.0,0.0
"['pressure_Node_13__(64.26, 69.068]', 'pressure_Node_11__(65.13, 69.135]']",leak_label__1.0,0.104,0.297,-0.423,0.348
"['pressure_Node_13__(54.644, 59.452]', 'pressure_Node_10__(55.06, 58.584]']",leak_label__1.0,0.034,0.977,0.57,0.035
"['pressure_Node_5__(62.439, 64.738]', 'pressure_Node_11__(65.13, 69.135]']",leak_label__1.0,0.0,0.0,0.0,0.0
"['pressure_Node_5__(60.14, 62.439]', 'pressure_Node_10__(55.06, 58.584]']",leak_label__1.0,0.018,0.957,0.55,0.018
"['pressure_Node_5__(62.439, 64.738]', 'pressure_Node_10__(55.06, 58.584]']",leak_label__1.0,0.001,1.0,0.561,0.001
"['pressure_Node_10__(55.06, 58.584]', 'pressure_Node_6__(55.74, 58.442]']",leak_label__1.0,0.012,1.0,0.567,0.012
"['pressure_Node_10__(55.06, 58.584]', 'pressure_Node_6__(58.442, 61.144]']",leak_label__1.0,0.028,0.972,0.564,0.028
"['pressure_Node_8__(62.958, 66.077]', 'pressure_Node_28__(60.394, 69.044]']",leak_label__0.0,0.296,1.0,0.625,0.296
"['pressure_Node_8__(62.958, 66.077]', 'pressure_Node_29__(51.865, 60.432]']",leak_label__0.0,0.008,1.0,0.443,0.008
"['pressure_Node_23__(61.679, 65.438]', 'pressure_Node_29__(51.865, 60.432]']",leak_label__0.0,0.032,0.931,0.412,0.035
"['pressure_Node_9__(62.32, 65.742]', 'pressure_Node_28__(60.394, 69.044]']",leak_label__0.0,0.295,1.0,0.624,0.295
"['pressure_Node_9__(62.32, 65.742]', 'pressure_Node_29__(51.865, 60.432]']",leak_label__0.0,0.02,1.0,0.449,0.02
"['pressure_Node_27__(58.92, 63.917]', 'pressure_Node_28__(51.743, 60.394]']",leak_label__0.0,0.007,1.0,0.443,0.007
"['pressure_Node_27__(58.92, 63.917]', 'pressure_Node_28__(60.394, 69.044]']",leak_label__0.0,0.289,0.979,0.607,0.295
"['pressure_Node_27__(58.92, 63.917]', 'pressure_Node_29__(51.865, 60.432]']",leak_label__0.0,0.026,0.979,0.439,0.027
"['pressure_Node_32__(58.355, 63.629]', 'pressure_Node_28__(51.743, 60.394]']",leak_label__0.0,0.016,0.923,0.4,0.017
"['pressure_Node_32__(58.355, 63.629]', 'pressure_Node_28__(60.394, 69.044]']",leak_label__0.0,0.278,0.974,0.594,0.285
"['pressure_Node_32__(58.355, 63.629]', 'pressure_Node_29__(51.865, 60.432]']",leak_label__0.0,0.035,0.91,0.4,0.039
"['pressure_Node_30__(57.245, 63.07]', 'pressure_Node_28__(51.743, 60.394]']",leak_label__0.0,0.033,0.929,0.411,0.035
"['pressure_Node_30__(57.245, 63.07]', 'pressure_Node_28__(60.394, 69.044]']",leak_label__0.0,0.247,0.973,0.569,0.254
"['pressure_Node_30__(63.07, 68.895]', 'pressure_Node_28__(51.743, 60.394]']",leak_label__0.0,0.0,0.0,0.0,0.0
"['pressure_Node_30__(63.07, 68.895]', 'pressure_Node_28__(60.394, 69.044]']",leak_label__0.0,0.261,0.984,0.586,0.265
"['pressure_Node_30__(57.245, 63.07]', 'pressure_Node_29__(51.865, 60.432]']",leak_label__0.0,0.052,0.918,0.413,0.057
"['pressure_Node_30__(57.245, 63.07]', 'pressure_Node_29__(60.432, 68.998]']",leak_label__0.0,0.228,0.979,0.558,0.233
"['pressure_Node_30__(63.07, 68.895]', 'pressure_Node_29__(51.865, 60.432]']",leak_label__0.0,0.0,0.0,0.0,0.0
"['pressure_Node_30__(63.07, 68.895]', 'pressure_Node_29__(60.432, 68.998]']",leak_label__0.0,0.261,0.984,0.586,0.265
"['pressure_Node_24__(60.005, 64.514]', 'pressure_Node_28__(60.394, 69.044]']",leak_label__0.0,0.286,0.975,0.602,0.294
"['pressure_Node_24__(64.514, 69.023]', 'pressure_Node_28__(60.394, 69.044]']",leak_label__0.0,0.222,0.984,0.556,0.226
"['pressure_Node_24__(60.005, 64.514]', 'pressure_Node_29__(51.865, 60.432]']",leak_label__0.0,0.029,0.921,0.405,0.032
"['pressure_Node_24__(64.514, 69.023]', 'pressure_Node_29__(60.432, 68.998]']",leak_label__0.0,0.222,0.984,0.556,0.226
"['pressure_Node_25__(63.913, 68.926]', 'pressure_Node_28__(60.394, 69.044]']",leak_label__0.0,0.223,0.984,0.557,0.227
"['pressure_Node_25__(63.913, 68.926]', 'pressure_Node_29__(60.432, 68.998]']",leak_label__0.0,0.223,0.984,0.557,0.227
"['pressure_Node_31__(57.759, 63.328]', 'pressure_Node_28__(51.743, 60.394]']",leak_label__0.0,0.026,0.932,0.411,0.028
"['pressure_Node_31__(57.759, 63.328]', 'pressure_Node_28__(60.394, 69.044]']",leak_label__0.0,0.263,0.974,0.582,0.27
"['pressure_Node_31__(63.328, 68.897]', 'pressure_Node_28__(51.743, 60.394]']",leak_label__0.0,0.0,0.0,0.0,0.0
"['pressure_Node_31__(63.328, 68.897]', 'pressure_Node_28__(60.394, 69.044]']",leak_label__0.0,0.245,0.984,0.573,0.249
"['pressure_Node_31__(57.759, 63.328]', 'pressure_Node_29__(51.865, 60.432]']",leak_label__0.0,0.045,0.918,0.41,0.05
"['pressure_Node_31__(57.759, 63.328]', 'pressure_Node_29__(60.432, 68.998]']",leak_label__0.0,0.244,0.98,0.57,0.249
"['pressure_Node_31__(63.328, 68.897]', 'pressure_Node_29__(51.865, 60.432]']",leak_label__0.0,0.0,0.0,0.0,0.0
"['pressure_Node_31__(63.328, 68.897]', 'pressure_Node_29__(60.432, 68.998]']",leak_label__0.0,0.245,0.984,0.573,0.249
"['pressure_Node_2__(69.851, 69.967]', 'pressure_Node_28__(51.743, 60.394]']",leak_label__0.0,0.0,0.0,0.0,0.0
"['pressure_Node_2__(69.851, 69.967]', 'pressure_Node_28__(60.394, 69.044]']",leak_label__0.0,0.183,1.0,0.538,0.183
"['pressure_Node_2__(69.851, 69.967]', 'pressure_Node_29__(51.865, 60.432]']",leak_label__0.0,0.0,0.0,0.0,0.0
"['pressure_Node_2__(69.851, 69.967]', 'pressure_Node_29__(60.432, 68.998]']",leak_label__0.0,0.183,1.0,0.538,0.183
"['pressure_Node_14__(61.411, 65.185]', 'pressure_Node_28__(51.743, 60.394]']",leak_label__0.0,0.0,0.0,0.0,0.0
"['pressure_Node_14__(61.411, 65.185]', 'pressure_Node_28__(60.394, 69.044]']",leak_label__0.0,0.254,1.0,0.589,0.254
"['pressure_Node_14__(61.411, 65.185]', 'pressure_Node_29__(51.865, 60.432]']",leak_label__0.0,0.0,0.0,0.0,0.0
"['pressure_Node_14__(61.411, 65.185]', 'pressure_Node_29__(60.432, 68.998]']",leak_label__0.0,0.254,1.0,0.589,0.254
"['pressure_Node_28__(51.743, 60.394]', 'pressure_Node_29__(51.865, 60.432]']",leak_label__0.0,0.052,0.925,0.417,0.056
"['pressure_Node_28__(60.394, 69.044]', 'pressure_Node_29__(51.865, 60.432]']",leak_label__0.0,0.02,0.9,0.386,0.022
"['pressure_Node_28__(60.394, 69.044]', 'pressure_Node_29__(60.432, 68.998]']",leak_label__0.0,0.489,0.982,0.855,0.498
"['pressure_Node_28__(60.394, 69.044]', 'pressure_Node_3__(68.28, 69.632]']",leak_label__0.0,0.184,1.0,0.539,0.184
"['pressure_Node_28__(51.743, 60.394]', 'pressure_Node_17__(56.029, 59.305]']",leak_label__0.0,0.013,0.836,0.335,0.016
"['pressure_Node_28__(60.394, 69.044]', 'pressure_Node_17__(56.029, 59.305]']",leak_label__0.0,0.0,0.0,0.0,0.0
"['pressure_Node_28__(51.743, 60.394]', 'pressure_Node_12__(59.701, 64.409]']",leak_label__0.0,0.044,1.0,0.46,0.044
"['pressure_Node_28__(60.394, 69.044]', 'pressure_Node_12__(59.701, 64.409]']",leak_label__0.0,0.2,1.0,0.55,0.2
"['pressure_Node_28__(51.743, 60.394]', 'pressure_Node_13__(59.452, 64.26]']",leak_label__0.0,0.04,1.0,0.458,0.04
"['pressure_Node_28__(60.394, 69.044]', 'pressure_Node_13__(59.452, 64.26]']",leak_label__0.0,0.225,1.0,0.568,0.225
"['pressure_Node_28__(51.743, 60.394]', 'pressure_Node_7__(63.645, 66.44]']",leak_label__0.0,0.0,0.0,0.0,0.0
"['pressure_Node_28__(60.394, 69.044]', 'pressure_Node_7__(63.645, 66.44]']",leak_label__0.0,0.284,1.0,0.615,0.284
"['pressure_Node_28__(51.743, 60.394]', 'pressure_Node_11__(57.119, 61.124]']",leak_label__0.0,0.026,1.0,0.451,0.026
"['pressure_Node_28__(51.743, 60.394]', 'pressure_Node_11__(61.124, 65.13]']",leak_label__0.0,0.026,1.0,0.451,0.026
"['pressure_Node_28__(60.394, 69.044]', 'pressure_Node_11__(57.119, 61.124]']",leak_label__0.0,0.0,0.0,-1.0,0.0
"['pressure_Node_28__(60.394, 69.044]', 'pressure_Node_11__(61.124, 65.13]']",leak_label__0.0,0.264,1.0,0.597,0.264
"['pressure_Node_28__(60.394, 69.044]', 'pressure_Node_10__(58.584, 62.108]']",leak_label__0.0,0.0,0.13,-0.768,0.003
"['pressure_Node_28__(60.394, 69.044]', 'pressure_Node_10__(62.108, 65.631]']",leak_label__0.0,0.292,1.0,0.621,0.292
"['pressure_Node_28__(51.743, 60.394]', 'pressure_Node_6__(63.847, 66.549]']",leak_label__0.0,0.0,0.0,0.0,0.0
"['pressure_Node_28__(60.394, 69.044]', 'pressure_Node_6__(63.847, 66.549]']",leak_label__0.0,0.282,1.0,0.612,0.282
"['pressure_Node_29__(51.865, 60.432]', 'pressure_Node_3__(68.28, 69.632]']",leak_label__0.0,0.0,0.0,0.0,0.0
"['pressure_Node_29__(60.432, 68.998]', 'pressure_Node_3__(68.28, 69.632]']",leak_label__0.0,0.184,1.0,0.539,0.184
"['pressure_Node_29__(51.865, 60.432]', 'pressure_Node_17__(56.029, 59.305]']",leak_label__0.0,0.013,0.836,0.335,0.016
"['pressure_Node_29__(51.865, 60.432]', 'pressure_Node_12__(59.701, 64.409]']",leak_label__0.0,0.063,1.0,0.469,0.063
"['pressure_Node_29__(60.432, 68.998]', 'pressure_Node_12__(59.701, 64.409]']",leak_label__0.0,0.18,1.0,0.536,0.18
"['pressure_Node_29__(51.865, 60.432]', 'pressure_Node_13__(59.452, 64.26]']",leak_label__0.0,0.059,1.0,0.468,0.059
"['pressure_Node_29__(60.432, 68.998]', 'pressure_Node_13__(59.452, 64.26]']",leak_label__0.0,0.206,1.0,0.554,0.206
"['pressure_Node_29__(51.865, 60.432]', 'pressure_Node_5__(64.738, 67.036]']",leak_label__0.0,0.0,0.0,0.0,0.0
"['pressure_Node_29__(51.865, 60.432]', 'pressure_Node_7__(63.645, 66.44]']",leak_label__0.0,0.0,1.0,0.44,0.0
"['pressure_Node_29__(60.432, 68.998]', 'pressure_Node_7__(63.645, 66.44]']",leak_label__0.0,0.284,1.0,0.614,0.284
"['pressure_Node_29__(51.865, 60.432]', 'pressure_Node_11__(57.119, 61.124]']",leak_label__0.0,0.026,1.0,0.451,0.026
"['pressure_Node_29__(51.865, 60.432]', 'pressure_Node_11__(61.124, 65.13]']",leak_label__0.0,0.046,1.0,0.461,0.046
"['pressure_Node_29__(60.432, 68.998]', 'pressure_Node_11__(57.119, 61.124]']",leak_label__0.0,0.0,0.0,-1.0,0.0
"['pressure_Node_29__(60.432, 68.998]', 'pressure_Node_11__(61.124, 65.13]']",leak_label__0.0,0.244,1.0,0.582,0.244
"['pressure_Node_29__(51.865, 60.432]', 'pressure_Node_10__(58.584, 62.108]']",leak_label__0.0,0.046,1.0,0.461,0.046
"['pressure_Node_29__(51.865, 60.432]', 'pressure_Node_10__(62.108, 65.631]']",leak_label__0.0,0.024,1.0,0.451,0.024
"['pressure_Node_29__(51.865, 60.432]', 'pressure_Node_6__(63.847, 66.549]']",leak_label__0.0,0.0,1.0,0.44,0.0
